category,place,address,date,outbreak
Shelter/Rehab/Other Group Living,Polinsky Children's Center,"9400 Ruffin Ct, San Diego, CA 92123",11/20/2020,4 of 4
Senior Living/Nursing Home,Hillcrest Heights Healthcare Center,"4033 Sixth Ave, San Diego, CA 92103",10/16/2020,4 of 4
Shelter/Rehab/Other Group Living,Polinsky Children's Center,"9400 Ruffin Ct, San Diego, CA 92123",8/27/2020,3 of 4
Senior Living/Nursing Home,Hillcrest Heights Healthcare Center,"4033 Sixth Ave, San Diego, CA 92103",7/31/2020,3 of 4
Senior Living/Nursing Home,Balboa Nursing & Rehabilitation Center,"3520 Fourth Ave, San Diego, CA 92103",11/22/2020,3 of 3
Casino,Pala Casino Spa & Resort,"11154 CA-76, Pala, CA 92059",11/13/2020,3 of 3
Senior Living/Nursing Home,Villa Rancho Bernardo,"15720 Bernardo Center Dr, San Diego, CA 92127",11/12/2020,3 of 3
Senior Living/Nursing Home,La Paloma Healthcare Center,"3232 Thunder Dr, Oceanside, CA 92056",11/10/2020,3 of 3
Senior Living/Nursing Home,The Bradley Court,"675 E Bradley Ave, El Cajon, CA 92021",11/10/2020,3 of 3
Restaurant/Bar,Cafe Coyote,"2461 San Diego Ave, San Diego, CA 92110",11/5/2020,3 of 3
Senior Living/Nursing Home,Aviara Healthcare Center,"944 Regal Rd, Encinitas, CA 92024",10/29/2020,3 of 3
Senior Living/Nursing Home,The Shores Post Acute Care,"2828 Meadow Lark Dr, San Diego, CA 92123",10/23/2020,3 of 3
Senior Living/Nursing Home,The Remington Club,"16925 Hierba Dr, San Diego, CA 92128",10/9/2020,3 of 3
Senior Living/Nursing Home,Villa Las Palmas Healthcare Center,"622 S Anza St, El Cajon, CA 92020",10/7/2020,3 of 3
Senior Living/Nursing Home,Casa de las Campanas,"18655 W Bernardo Dr, San Diego, CA 92127",9/20/2020,3 of 3
Senior Living/Nursing Home,Mission Hills Post Acute Care,"3680 Reynard Way, San Diego, CA 92103",9/18/2020,3 of 3
Senior Living/Nursing Home,Elmcroft of La Mesa,"4960 Mills St, La Mesa, CA 91942",6/27/2020,3 of 3
Shelter/Rehab/Other Group Living,Polinsky Children's Center,"9400 Ruffin Ct, San Diego, CA 92123",7/24/2020,2 of 4
Senior Living/Nursing Home,Hillcrest Heights Healthcare Center,"4033 Sixth Ave, San Diego, CA 92103",6/15/2020,2 of 4
Restaurant/Bar,Cafe Coyote,"2461 San Diego Ave, San Diego, CA 92110",10/5/2020,2 of 3
Senior Living/Nursing Home,Balboa Nursing & Rehabilitation Center,"3520 Fourth Ave, San Diego, CA 92103",9/27/2020,2 of 3
Senior Living/Nursing Home,La Paloma Healthcare Center,"3232 Thunder Dr, Oceanside, CA 92056",9/18/2020,2 of 3
Senior Living/Nursing Home,The Remington Club,"16925 Hierba Dr, San Diego, CA 92128",9/14/2020,2 of 3
Casino,Pala Casino Spa & Resort,"11154 CA-76, Pala, CA 92059",9/10/2020,2 of 3
Senior Living/Nursing Home,Villa Las Palmas Healthcare Center,"622 S Anza St, El Cajon, CA 92020",9/2/2020,2 of 3
Senior Living/Nursing Home,Casa de las Campanas,"18655 W Bernardo Dr, San Diego, CA 92127",9/1/2020,2 of 3
Senior Living/Nursing Home,Villa Rancho Bernardo,"15720 Bernardo Center Dr, San Diego, CA 92127",8/6/2020,2 of 3
Senior Living/Nursing Home,The Shores Post Acute Care,"2828 Meadow Lark Dr, San Diego, CA 92123",7/30/2020,2 of 3
Senior Living/Nursing Home,Aviara Healthcare Center,"944 Regal Rd, Encinitas, CA 92024",7/15/2020,2 of 3
Senior Living/Nursing Home,Mission Hills Post Acute Care,"3680 Reynard Way, San Diego, CA 92103",7/8/2020,2 of 3
Senior Living/Nursing Home,Elmcroft of La Mesa,"4960 Mills St, La Mesa, CA 91942",6/1/2020,2 of 3
Senior Living/Nursing Home,The Bradley Court,"675 E Bradley Ave, El Cajon, CA 92021",5/8/2020,2 of 3
Shelter/Rehab/Other Group Living,Veterans Village of San Diego,"4141 Pacific Hwy, San Diego, CA 92110",11/30/2020,3 of 3
Manufacturing/Other Business,American Scaffold,"3210 Commercial St, San Diego, CA 92113",11/29/2020,2 of 2
Government,San Diego Police Department,"1401 Broadway, San Diego, CA 92101",11/28/2020,2 of 2
Manufacturing/Other Business,Pacific Rim Mechanical,"7655 Convoy Ct, San Diego, CA 92111",11/28/2020,2 of 2
Church,Resurrection Catholic Church Escondido,"1445 Conway Dr, Escondido, CA 92027",11/27/2020,2 of 2
Manufacturing/Other Business,Professional Maintenance Systems,"4912 Naples St, San Diego, CA 92110",11/27/2020,2 of 2
Medical,New Alternatives Inc Chula Vista,"730 Medical Center Ct, Chula Vista, CA 91911",11/26/2020,2 of 2
Restaurant/Bar,Chili's Grill and Bar,"2015 Birch Rd Ste 2400, Chula Vista, CA 91915",11/26/2020,2 of 2
Restaurant/Bar,JRDN Restaurant,"723 Felspar St, San Diego, CA 92109",11/26/2020,2 of 2
Government,San Diego Fire Rescue Station 29,"198 W San Ysidro Blvd, San Diego, CA 92173",11/25/2020,2 of 2
Senior Living/Nursing Home,Country Manor La Mesa Healthcare,"5696 Lake Murray Blvd, La Mesa, CA 91942",11/25/2020,2 of 2
Manufacturing/Other Business,Cobham Advanced Electronic Solutions,"9404 Chesapeake Dr, San Diego, CA 92123",11/24/2020,2 of 2
Restaurant/Bar,Del Frisco's Double Eagle Steakhouse,"901 Bayfront Ct Suite 105, San Diego, CA 92101",11/24/2020,2 of 2
Senior Living/Nursing Home,Aegis at Shadowridge,"1440 S Melrose Dr, Oceanside, CA 92056",11/23/2020,2 of 2
Retail/Grocery Store,Costco,"951 Palomar Airport Rd, Carlsbad, CA 92011",11/21/2020,2 of 2
Hotel,Hotel del Coronado,"1500 Orange Ave, Coronado, CA 92118",11/20/2020,2 of 2
Restaurant/Bar,Mavericks Beach Club,"860 Garnet Ave, San Diego, CA 92109",11/20/2020,2 of 2
Senior Living/Nursing Home,St Paul's Pace Chula Vista,"630 L St, Chula Vista, CA 91911",11/20/2020,2 of 2
Manufacturing/Other Business,South Coast Welding & Manufacturing Inc,"2591 Faivre St UNIT 1, Chula Vista, CA 91911",11/17/2020,2 of 2
Restaurant/Bar,Barbusa,"1917 India St, San Diego, CA 92101",11/17/2020,2 of 2
Senior Living/Nursing Home,Carmel Mountain Rehabilitation and Healthcare,"11895 Avenue of Industry, San Diego, CA 92128",11/17/2020,2 of 2
Jail/Detention Facility,Ocean View Federal Reentry & Treatment Facility,"551 South 35th Street, San Diego, CA 92113",11/16/2020,2 of 2
Senior Living/Nursing Home,Brookdale Carlsbad,"3140 El Camino Real, Carlsbad, CA 92008",11/16/2020,2 of 2
Senior Living/Nursing Home,Coronado Retirement Village,"299 Prospect Pl, Coronado, CA 92118",11/16/2020,2 of 2
Jail/Detention Facility,George Bailey Detention Facility,"446 Alta Rd #5300, San Diego, CA 92158",11/14/2020,2 of 2
Restaurant/Bar,King and Queen Cantina,"1490 Kettner Blvd, San Diego, CA 92101",11/14/2020,2 of 2
Manufacturing/Other Business,Pasha Group Automotive,"1309 Bay Marina Dr, National City, CA 91950",11/9/2020,2 of 2
Restaurant/Bar,El Chingon,"560 Fifth Ave, San Diego, CA 92101",11/9/2020,2 of 2
Retail/Grocery Store,Home Depot,"950 Dennery Rd, San Diego, CA 92154",11/9/2020,2 of 2
Senior Living/Nursing Home,Community Care Center,"8665 La Mesa Blvd, La Mesa, CA 91942",11/6/2020,2 of 2
Senior Living/Nursing Home,Victoria Post Acute Care,"654 S Anza St, El Cajon, CA 92020",11/4/2020,2 of 2
Restaurant/Bar,SD Tap Room,"1269 Garnet Ave, San Diego, CA 92109",11/3/2020,2 of 2
Manufacturing/Other Business,Specialty Textile Services,"1333 30th St #A, San Diego, CA 92154",11/2/2020,2 of 2
Restaurant/Bar,Restaurant El Achiote,"4119 Camino De La Plaza, San Diego, CA 92173",11/2/2020,2 of 2
Senior Living/Nursing Home,La Jolla Nursing and Rehabilitation Center,"2552 Torrey Pines Rd, La Jolla, CA 92037",10/30/2020,2 of 2
Senior Living/Nursing Home,Lakeside Special Care Center,"11962 Woodside Ave, Lakeside, CA 92040",10/30/2020,2 of 2
Retail/Grocery Store,Costco,"8125 Fletcher Pkwy, La Mesa, CA 91942",10/27/2020,2 of 2
Restaurant/Bar,Miss B's Coconut Club,"3704 Mission Blvd #7154, San Diego, CA 92109",10/22/2020,2 of 2
Retail/Grocery Store,Spring Valley Swap Meet,"6377 Quarry Rd, Spring Valley, CA 91977",10/22/2020,2 of 2
Manufacturing/Other Business,Evolution Dance Center,"2032 Corte Del Nogal, Carlsbad, CA 92011",10/16/2020,2 of 2
Senior Living/Nursing Home,Sunrise of Sabre Springs,"12515 Springhurst Dr, San Diego, CA 92128",10/15/2020,2 of 2
Church,St. Peter Chaldean Catholic Cathedral,"1627 Jamacha Way, El Cajon, CA 92019",10/13/2020,2 of 2
Manufacturing/Other Business,Glen Abbey Memorial Park and Mortuary,"3838 Bonita Rd, Bonita, CA 91902",10/13/2020,2 of 2
Restaurant/Bar,Kettner Exchange,"2001 Kettner Blvd, San Diego, CA 92101",10/9/2020,2 of 2
Restaurant/Bar,Mike Hess Brewing,"805 Ocean Ln, Imperial Beach, CA 91932",10/9/2020,2 of 2
Manufacturing/Other Business,Eagle Paving Company,"13915 Danielson St STE 201, Poway, CA 92064",10/7/2020,2 of 2
Manufacturing/Other Business,Fresh Creative Foods,"3285 Corporate View, Vista, CA 92081",10/7/2020,2 of 2
Senior Living/Nursing Home,Mount Miguel Covenant Village,"325 Kempton St, Spring Valley, CA 91977",10/6/2020,2 of 2
Restaurant/Bar,Firehouse,"722 Grand Ave, San Diego, CA 92109",10/5/2020,2 of 2
Senior Living/Nursing Home,Windsor Gardens Convalescent Center of San Diego,"220 E 24th St, National City, CA 91950",10/5/2020,2 of 2
Casino,Valley View Casino & Hotel,"16300 Nyemii Pass Road, Valley Center, CA 92082",9/30/2020,2 of 2
Retail/Grocery Store,Trader Joe's,"5140 College Ave, San Diego, CA 92115",9/16/2020,2 of 2
Restaurant/Bar,Lazy Dog Restaurant & Bar,"1202 Camino Del Rio N, San Diego, CA 92108",9/14/2020,2 of 2
Restaurant/Bar,El Prez,"4190 Mission Blvd, San Diego, CA 92109",9/11/2020,2 of 2
Hotel,Rancho Valencia Resort and Spa,"5921 Valencia Cir, Rancho Santa Fe, CA 92067",9/3/2020,2 of 2
Jail/Detention Facility,San Diego Central Jail,"1173 Front St, San Diego, CA 92101",9/3/2020,2 of 2
Manufacturing/Other Business,BAE Systems Ship Repair,"2205 E Belt St, San Diego, CA 92113",9/2/2020,2 of 2
Senior Living/Nursing Home,Country Hills Health Care Center,"1580 Broadway, El Cajon, CA 92021",9/2/2020,2 of 3
Senior Living/Nursing Home,Redwood Terrace Senior Living Facility,"710 W 13th Ave, Escondido, CA 92025",9/2/2020,2 of 2
Restaurant/Bar,Javier's Finest Foods of Mexico,"4301 La Jolla Village Dr Suite 1000, San Diego, CA 92122",8/25/2020,2 of 2
Senior Living/Nursing Home,Paradise Valley Manor,"2575 E 8th St, National City, CA 91950",8/25/2020,2 of 3
Senior Living/Nursing Home,Birch Patrick Convalescent Center at Sharp CV,"751 Medical Center Ct, Chula Vista, CA 91911",8/14/2020,2 of 2
Senior Living/Nursing Home,The Meridian at Lake San Marcos,"1177 San Marino Dr, San Marcos, CA 92078",8/12/2020,2 of 2
Senior Living/Nursing Home,Golden Living of Point Loma,"3223 Duke St, San Diego, CA 92110",8/11/2020,2 of 2
Senior Living/Nursing Home,Boulder Creek Post Acute,"12696 Monte Vista Rd, Poway, CA 92064",7/12/2020,2 of 2
Senior Living/Nursing Home,La Vida Real Senior Living,"11588 Via Rancho San Diego, El Cajon, CA 92019",7/9/2020,2 of 2
Senior Living/Nursing Home,Edgemoor Hospital,"655 Park Center Dr, Santee, CA 92071",7/5/2020,2 of 2
Senior Living/Nursing Home,Fredericka Manor,"183 3rd Ave, Chula Vista, CA 91910",7/2/2020,2 of 2
Jail/Detention Facility,Western Region Detention Facility,"220 W C St, San Diego, CA 92101",7/1/2020,2 of 2
Senior Living/Nursing Home,Springs at Pacific Regent La Jolla,"3884 Nobel Dr, San Diego, CA 92122",6/29/2020,2 of 2
Senior Living/Nursing Home,Magnolia Post Acute Care,"635 S Magnolia Ave, El Cajon, CA 92020",6/25/2020,2 of 2
Senior Living/Nursing Home,Veterans Home of California Chula Vista,"700 E Naples Ct, Chula Vista, CA 91911",6/19/2020,2 of 2
Senior Living/Nursing Home,Lemon Grove Care & Rehabilitation,"8351 Broadway, Lemon Grove, CA 91945",6/12/2020,2 of 2
Senior Living/Nursing Home,Reo Vista Healthcare Center,"6061 Banbury St, San Diego, CA 92139",6/4/2020,2 of 2
Shelter/Rehab/Other Group Living,Polinsky Children's Center,"9400 Ruffin Ct, San Diego, CA 92123",6/18/2020,1 of 4
Senior Living/Nursing Home,Hillcrest Heights Healthcare Center,"4033 Sixth Ave, San Diego, CA 92103",4/26/2020,1 of 4
Senior Living/Nursing Home,La Paloma Healthcare Center,"3232 Thunder Dr, Oceanside, CA 92056",8/17/2020,1 of 3
Senior Living/Nursing Home,Casa de las Campanas,"18655 W Bernardo Dr, San Diego, CA 92127",8/3/2020,1 of 3
Casino,Pala Casino Spa & Resort,"11154 CA-76, Pala, CA 92059",7/22/2020,1 of 3
Restaurant/Bar,Cafe Coyote,"2461 San Diego Ave, San Diego, CA 92110",7/11/2020,1 of 3
Senior Living/Nursing Home,Aviara Healthcare Center,"944 Regal Rd, Encinitas, CA 92024",6/22/2020,1 of 3
Senior Living/Nursing Home,The Remington Club,"16925 Hierba Dr, San Diego, CA 92128",6/8/2020,1 of 3
Senior Living/Nursing Home,Mission Hills Post Acute Care,"3680 Reynard Way, San Diego, CA 92103",6/3/2020,1 of 3
Senior Living/Nursing Home,Balboa Nursing & Rehabilitation Center,"3520 Fourth Ave, San Diego, CA 92103",4/23/2020,1 of 3
Senior Living/Nursing Home,Villa Rancho Bernardo,"15720 Bernardo Center Dr, San Diego, CA 92127",4/10/2020,1 of 3
Senior Living/Nursing Home,Villa Las Palmas Healthcare Center,"622 S Anza St, El Cajon, CA 92020",4/3/2020,1 of 3
Senior Living/Nursing Home,The Shores Post Acute Care,"2828 Meadow Lark Dr, San Diego, CA 92123",4/2/2020,1 of 3
Senior Living/Nursing Home,Elmcroft of La Mesa,"4960 Mills St, La Mesa, CA 91942",3/27/2020,1 of 3
Senior Living/Nursing Home,The Bradley Court,"675 E Bradley Ave, El Cajon, CA 92021",3/24/2020,1 of 3
Retail/Grocery Store,Target,"3424 College Ave, San Diego, CA 92115",11/26/2020,1 of 1
Senior Living/Nursing Home,Brookdale Carlsbad,"3140 El Camino Real, Carlsbad, CA 92008",11/1/2020,1 of 2
Manufacturing/Other Business,Pacific Rim Mechanical,"7655 Convoy Ct, San Diego, CA 92111",10/19/2020,1 of 2
Manufacturing/Other Business,Cobham Advanced Electronic Solutions,"9404 Chesapeake Dr, San Diego, CA 92123",10/14/2020,1 of 2
Restaurant/Bar,Chili's Grill and Bar,"2015 Birch Rd Ste 2400, Chula Vista, CA 91915",10/14/2020,1 of 2
Restaurant/Bar,Restaurant El Achiote,"4119 Camino De La Plaza, San Diego, CA 92173",10/7/2020,1 of 2
Retail/Grocery Store,Costco,"951 Palomar Airport Rd, Carlsbad, CA 92011",10/7/2020,1 of 2
Retail/Grocery Store,Home Depot,"950 Dennery Rd, San Diego, CA 92154",10/6/2020,1 of 2
Retail/Grocery Store,Costco,"8125 Fletcher Pkwy, La Mesa, CA 91942",10/5/2020,1 of 2
Shelter/Rehab/Other Group Living,Veterans Village of San Diego,"4141 Pacific Hwy, San Diego, CA 92110",10/5/2020,2 of 3
Government,San Diego Fire Rescue Station 29,"198 W San Ysidro Blvd, San Diego, CA 92173",9/30/2020,1 of 2
Manufacturing/Other Business,South Coast Welding & Manufacturing Inc,"2591 Faivre St UNIT 1, Chula Vista, CA 91911",9/28/2020,1 of 2
Retail/Grocery Store,Spring Valley Swap Meet,"6377 Quarry Rd, Spring Valley, CA 91977",9/14/2020,1 of 2
Manufacturing/Other Business,Pasha Group Automotive,"1309 Bay Marina Dr, National City, CA 91950",9/8/2020,1 of 2
Manufacturing/Other Business,Glen Abbey Memorial Park and Mortuary,"3838 Bonita Rd, Bonita, CA 91902",9/7/2020,1 of 2
Hotel,Hotel del Coronado,"1500 Orange Ave, Coronado, CA 92118",9/3/2020,1 of 2
Senior Living/Nursing Home,La Jolla Nursing and Rehabilitation Center,"2552 Torrey Pines Rd, La Jolla, CA 92037",9/3/2020,1 of 2
Senior Living/Nursing Home,Carmel Mountain Rehabilitation and Healthcare,"11895 Avenue of Industry, San Diego, CA 92128",9/1/2020,1 of 2
Manufacturing/Other Business,Specialty Textile Services,"1333 30th St #A, San Diego, CA 92154",8/30/2020,1 of 2
Restaurant/Bar,Del Frisco's Double Eagle Steakhouse,"901 Bayfront Ct Suite 105, San Diego, CA 92101",8/30/2020,1 of 2
Manufacturing/Other Business,Fresh Creative Foods,"3285 Corporate View, Vista, CA 92081",8/27/2020,1 of 2
Medical,New Alternatives Inc Chula Vista,"730 Medical Center Ct, Chula Vista, CA 91911",8/25/2020,1 of 2
Retail/Grocery Store,Trader Joe's,"5140 College Ave, San Diego, CA 92115",8/23/2020,1 of 2
Church,Resurrection Catholic Church Escondido,"1445 Conway Dr, Escondido, CA 92027",8/20/2020,1 of 2
Manufacturing/Other Business,Eagle Paving Company,"13915 Danielson St STE 201, Poway, CA 92064",8/19/2020,1 of 2
Senior Living/Nursing Home,Community Care Center,"8665 La Mesa Blvd, La Mesa, CA 91942",8/16/2020,1 of 2
Restaurant/Bar,JRDN Restaurant,"723 Felspar St, San Diego, CA 92109",8/14/2020,1 of 2
Senior Living/Nursing Home,Mount Miguel Covenant Village,"325 Kempton St, Spring Valley, CA 91977",8/13/2020,1 of 2
Manufacturing/Other Business,Evolution Dance Center,"2032 Corte Del Nogal, Carlsbad, CA 92011",8/3/2020,1 of 2
Senior Living/Nursing Home,Lakeside Special Care Center,"11962 Woodside Ave, Lakeside, CA 92040",8/2/2020,1 of 2
Church,St. Peter Chaldean Catholic Cathedral,"1627 Jamacha Way, El Cajon, CA 92019",7/30/2020,1 of 2
Hotel,Rancho Valencia Resort and Spa,"5921 Valencia Cir, Rancho Santa Fe, CA 92067",7/30/2020,1 of 2
Restaurant/Bar,Miss B's Coconut Club,"3704 Mission Blvd #7154, San Diego, CA 92109",7/30/2020,1 of 2
Government,San Diego Police Department,"1401 Broadway, San Diego, CA 92101",7/28/2020,1 of 2
Manufacturing/Other Business,Professional Maintenance Systems,"4912 Naples St, San Diego, CA 92110",7/28/2020,1 of 2
Restaurant/Bar,Firehouse,"722 Grand Ave, San Diego, CA 92109",7/27/2020,1 of 2
Restaurant/Bar,Lazy Dog Restaurant & Bar,"1202 Camino Del Rio N, San Diego, CA 92108",7/27/2020,1 of 2
Restaurant/Bar,Mike Hess Brewing,"805 Ocean Ln, Imperial Beach, CA 91932",7/27/2020,1 of 2
Jail/Detention Facility,San Diego Central Jail,"1173 Front St, San Diego, CA 92101",7/24/2020,1 of 2
Casino,Valley View Casino & Hotel,"16300 Nyemii Pass Road, Valley Center, CA 92082",7/22/2020,1 of 2
Senior Living/Nursing Home,Redwood Terrace Senior Living Facility,"710 W 13th Ave, Escondido, CA 92025",7/21/2020,1 of 2
Restaurant/Bar,SD Tap Room,"1269 Garnet Ave, San Diego, CA 92109",7/17/2020,1 of 2
Senior Living/Nursing Home,Birch Patrick Convalescent Center at Sharp CV,"751 Medical Center Ct, Chula Vista, CA 91911",7/16/2020,1 of 2
Senior Living/Nursing Home,Sunrise of Sabre Springs,"12515 Springhurst Dr, San Diego, CA 92128",7/14/2020,1 of 2
Jail/Detention Facility,Ocean View Federal Reentry & Treatment Facility,"551 South 35th Street, San Diego, CA 92113",7/13/2020,1 of 2
Senior Living/Nursing Home,Country Manor La Mesa Healthcare,"5696 Lake Murray Blvd, La Mesa, CA 91942",7/9/2020,1 of 2
Restaurant/Bar,Kettner Exchange,"2001 Kettner Blvd, San Diego, CA 92101",7/7/2020,1 of 2
Restaurant/Bar,King and Queen Cantina,"1490 Kettner Blvd, San Diego, CA 92101",7/6/2020,1 of 2
Restaurant/Bar,Javier's Finest Foods of Mexico,"4301 La Jolla Village Dr Suite 1000, San Diego, CA 92122",7/4/2020,1 of 2
Restaurant/Bar,Barbusa,"1917 India St, San Diego, CA 92101",7/3/2020,1 of 2
Senior Living/Nursing Home,Aegis at Shadowridge,"1440 S Melrose Dr, Oceanside, CA 92056",7/3/2020,1 of 2
Senior Living/Nursing Home,Coronado Retirement Village,"299 Prospect Pl, Coronado, CA 92118",7/3/2020,1 of 2
Manufacturing/Other Business,American Scaffold,"3210 Commercial St, San Diego, CA 92113",7/1/2020,1 of 2
Restaurant/Bar,El Chingon,"560 Fifth Ave, San Diego, CA 92101",7/1/2020,1 of 2
Restaurant/Bar,Mavericks Beach Club,"860 Garnet Ave, San Diego, CA 92109",7/1/2020,1 of 2
Restaurant/Bar,El Prez,"4190 Mission Blvd, San Diego, CA 92109",6/27/2020,1 of 2
Senior Living/Nursing Home,The Meridian at Lake San Marcos,"1177 San Marino Dr, San Marcos, CA 92078",6/27/2020,1 of 2
Senior Living/Nursing Home,Magnolia Post Acute Care,"635 S Magnolia Ave, El Cajon, CA 92020",5/31/2020,1 of 2
Jail/Detention Facility,Western Region Detention Facility,"220 W C St, San Diego, CA 92101",5/18/2020,1 of 2
Senior Living/Nursing Home,Reo Vista Healthcare Center,"6061 Banbury St, San Diego, CA 92139",5/14/2020,1 of 2
Senior Living/Nursing Home,Veterans Home of California Chula Vista,"700 E Naples Ct, Chula Vista, CA 91911",5/8/2020,1 of 2
Manufacturing/Other Business,BAE Systems Ship Repair,"2205 E Belt St, San Diego, CA 92113",5/5/2020,1 of 2
Jail/Detention Facility,George Bailey Detention Facility,"446 Alta Rd #5300, San Diego, CA 92158",4/25/2020,1 of 2
Senior Living/Nursing Home,Paradise Valley Manor,"2575 E 8th St, National City, CA 91950",4/24/2020,1 of 3
Senior Living/Nursing Home,Windsor Gardens Convalescent Center of San Diego,"220 E 24th St, National City, CA 91950",4/20/2020,1 of 2
Senior Living/Nursing Home,Golden Living of Point Loma,"3223 Duke St, San Diego, CA 92110",4/19/2020,1 of 2
Senior Living/Nursing Home,St Paul's Pace Chula Vista,"630 L St, Chula Vista, CA 91911",4/13/2020,1 of 2
Senior Living/Nursing Home,Edgemoor Hospital,"655 Park Center Dr, Santee, CA 92071",4/9/2020,1 of 2
Senior Living/Nursing Home,Country Hills Health Care Center,"1580 Broadway, El Cajon, CA 92021",4/6/2020,1 of 3
Senior Living/Nursing Home,Lemon Grove Care & Rehabilitation,"8351 Broadway, Lemon Grove, CA 91945",4/6/2020,1 of 2
Senior Living/Nursing Home,Boulder Creek Post Acute,"12696 Monte Vista Rd, Poway, CA 92064",4/1/2020,1 of 2
Senior Living/Nursing Home,La Vida Real Senior Living,"11588 Via Rancho San Diego, El Cajon, CA 92019",3/24/2020,1 of 2
Senior Living/Nursing Home,Springs at Pacific Regent La Jolla,"3884 Nobel Dr, San Diego, CA 92122",3/24/2020,1 of 2
Senior Living/Nursing Home,Victoria Post Acute Care,"654 S Anza St, El Cajon, CA 92020",3/24/2020,1 of 2
Jail/Detention Facility,South Bay Detention Facility,"500 3rd Ave, Chula Vista, CA 91910",12/10/2020,1 of 1
Church,Grace Church,"855 E. Barham Dr, San Marcos, CA 92078",11/30/2020,1 of 1
Government,San Diego County Office of Education Administration,"6401 Linda Vista Rd, San Diego, CA 92111",11/30/2020,1 of 1
Manufacturing/Other Business,Brady Socal Inc,"8100 Center St, La Mesa, CA 91942",11/30/2020,1 of 1
Manufacturing/Other Business,Dexcom,"6340 Sequence Dr, San Diego, CA 92121",11/30/2020,1 of 1
Manufacturing/Other Business,Epsilon Systems Solutions,"2101 Haffley Ave, National City, CA 91950",11/30/2020,1 of 1
Manufacturing/Other Business,Select Supplements,"2390 Oak Ridge Way, Vista, CA 92081",11/30/2020,1 of 1
Manufacturing/Other Business,Senior Aerospace Ketema,"790 Greenfield Dr, El Cajon, CA 92021",11/30/2020,1 of 1
Manufacturing/Other Business,Swinerton Builders,"16798 W Bernardo Dr, San Diego, CA 92127",11/30/2020,1 of 1
Preschool/Childcare,Kid's Town Montessori School,"867 Sycamore Ave, Vista, CA 92083",11/30/2020,1 of 1
Preschool/Childcare,Kinderland Montessori School,"625 Otay Lakes Rd Buildings 1-10, Chula Vista, CA 91913",11/30/2020,1 of 1
Restaurant/Bar,Texas Roadhouse,"2735 Vista Way, Oceanside, CA 92054",11/30/2020,1 of 1
Retail/Grocery Store,99 Cents Only Stores,"4140 Clairemont Mesa Blvd, San Diego, CA 92117",11/30/2020,1 of 1
Retail/Grocery Store,Walmart,"2100 Vista Way, Oceanside, CA 92054",11/30/2020,1 of 1
Retail/Grocery Store,Walmart,"300 N 2nd St, El Cajon, CA 92021",11/30/2020,1 of 1
Senior Living/Nursing Home,Monte Vista Village Assisted Living,"2211 Massachusetts Ave, Lemon Grove, CA 91945",11/30/2020,1 of 1
Senior Living/Nursing Home,Paradise Valley Manor,"2575 E 8th St, National City, CA 91950",11/30/2020,3 of 3
Church,Awaken Church,"861 Showroom Pl, Chula Vista, CA 91914",11/29/2020,1 of 1
Church,Punto de Encuentro,"1663 Greenfield Dr, El Cajon, CA 92021",11/29/2020,1 of 1
Manufacturing/Other Business,A Y's Designs in Iron,"3803 Dalbergia St, San Diego, CA 92113",11/29/2020,1 of 1
Manufacturing/Other Business,A1 Alloys Inc,"3330 Beyer Blvd Ste f, San Diego, CA 92173",11/29/2020,1 of 1
Manufacturing/Other Business,Cox Communications,"5159 Federal Blvd, San Diego, CA 92105",11/29/2020,1 of 1
Restaurant/Bar,Starbucks,"126 Knoll Rd, San Marcos, CA 92069",11/29/2020,1 of 1
Retail/Grocery Store,Sun Moon Perfumes,"689 Palomar St, Chula Vista, CA 91911",11/29/2020,1 of 1
Retail/Grocery Store,Target,"3245 Sports Arena Blvd, San Diego, CA 92110",11/29/2020,1 of 1
Retail/Grocery Store,The Salvation Army Family Store & Donation Center,"3240 Sports Arena Blvd, San Diego, CA 92110",11/29/2020,1 of 1
Retail/Grocery Store,Vons,"4627 Carmel Mountain Rd, San Diego, CA 92130",11/29/2020,1 of 1
Retail/Grocery Store,Windmill Farms Community Market,"6386 Del Cerro Blvd, San Diego, CA 92120",11/29/2020,1 of 1
School,Winter Gardens School,"8501 Pueblo Rd, Lakeside, CA 92040",11/29/2020,1 of 1
Senior Living/Nursing Home,Butterfly Gardens,"5557 Soledad Mountain Rd, La Jolla, CA 92037",11/29/2020,1 of 1
Senior Living/Nursing Home,Villa San Angelo,"1857 Diesel Dr, El Cajon, CA 92019",11/29/2020,1 of 1
Government,City of San Diego Administrative Building,"202 C St, San Diego, CA 92101",11/28/2020,1 of 1
Manufacturing/Other Business,Argonaut Manufacturing Services,"2841 Loker Ave E, Carlsbad, CA 92010",11/28/2020,1 of 1
Manufacturing/Other Business,GenMark Diagnostics,"5964 La Place Ct, Carlsbad, CA 92008",11/28/2020,1 of 1
Manufacturing/Other Business,San Diego Gas & Electric,"8326 Century Park Ct, San Diego, CA 92123",11/28/2020,1 of 1
Medical,Carlsbad Dental Associaties & Orthodontics,"5814 Van Allen Way, Carlsbad, CA 92008",11/28/2020,1 of 1
Medical,San Ysidro Health Chaldean and Middle Eastern Social Services,"436 S Magnolia Ave, El Cajon, CA 92020",11/28/2020,1 of 1
Preschool/Childcare,Federal Aviation Administration Merry Go Around,"9175 Kearny Villa Rd, San Diego, CA 92126",11/28/2020,1 of 1
Senior Living/Nursing Home,Sunbeam Home Care,"4670 Twain Ave, San Diego, CA 92120",11/28/2020,1 of 1
Hotel,The Westin San Diego Downtown,"400 W Broadway, San Diego, CA 92101",11/27/2020,1 of 1
Manufacturing/Other Business,Alpha Mechanical Heating and Air,"4885 Greencraig Ln, San Diego, CA 92123",11/27/2020,1 of 1
Manufacturing/Other Business,ATT,"7337 Trade St, San Diego, CA 92121",11/27/2020,1 of 1
Manufacturing/Other Business,Geico,"14111 Danielson St, Poway, CA 92064",11/27/2020,1 of 1
Manufacturing/Other Business,John Lenore and Co,"1250 Delevan Dr, San Diego, CA 92102",11/27/2020,1 of 1
Preschool/Childcare,YMCA Childcare Resource Service,"3333 Camino del Rio S, San Diego, CA 92108",11/27/2020,1 of 1
Retail/Grocery Store,Ford of Chula Vista,"560 Auto Park Dr, Chula Vista, CA 91911",11/27/2020,1 of 1
Retail/Grocery Store,Goodwill Store and Donation Center,"9575 Mission Gorge Rd, Santee, CA 92071",11/27/2020,1 of 1
Retail/Grocery Store,Homegoods,"159 Fletcher Pkwy, El Cajon, CA 92020",11/27/2020,1 of 1
Retail/Grocery Store,Lexus of Carlsbad,"5444 Paseo Del Norte, Carlsbad, CA 92008",11/27/2020,1 of 1
Retail/Grocery Store,Nordstrom,"4401 La Jolla Village Dr, San Diego, CA 92122",11/27/2020,1 of 1
Retail/Grocery Store,Walgreens,"621 I St, Chula Vista, CA 91910",11/27/2020,1 of 1
Retail/Grocery Store,ZARA,"7007 Friars Rd, San Diego, CA 92108",11/27/2020,1 of 1
Shelter/Rehab/Other Group Living,St Vincent de Paul Village,"1501 Imperial Ave, San Diego, CA 92101",11/27/2020,2 of 2
Medical,San Ysidro Health Otay Community Clinic,"1637 3rd Ave, Chula Vista, CA 91911",11/26/2020,1 of 1
Restaurant/Bar,Broken Yolk Cafe,"884 Eastlake Pkwy, Chula Vista, CA 91914",11/26/2020,1 of 1
Restaurant/Bar,Con Pane Rustic Breads and Café,"2750 Dewey Rd #105, San Diego, CA 92106",11/26/2020,1 of 1
Restaurant/Bar,Din Tai Fung,"4301 La Jolla Village Dr #2000, San Diego, CA 92122",11/26/2020,1 of 1
Restaurant/Bar,Harney Sushi,"3964 Harney St, San Diego, CA 92110",11/26/2020,1 of 1
Restaurant/Bar,Pizza Nova,"945 Lomas Sante Fe Dr, Solana Beach, CA 92075",11/26/2020,1 of 1
Restaurant/Bar,Starbucks,"7030 Miramar Rd, San Diego, CA 92121",11/26/2020,1 of 1
Restaurant/Bar,Urge Gastropub and Common House,"255 Redel Rd, San Marcos, CA 92078",11/26/2020,1 of 1
Retail/Grocery Store,Costco,"12350 Carmel Mountain Rd, San Diego, CA 92128",11/26/2020,1 of 1
Retail/Grocery Store,Food 4 Less,"7730 Hazard Center Dr, San Diego, CA 92108",11/26/2020,1 of 1
Retail/Grocery Store,Pancho Villa Market,"3245 El Cajon Blvd, San Diego, CA 92104",11/26/2020,1 of 1
Senior Living/Nursing Home,Cypress Court,"1255 N Broadway, Escondido, CA 92026",11/26/2020,2 of 2
Church,Awaken Church,"1760 Descanso Ave, San Marcos, CA 92078",11/25/2020,1 of 1
Church,Saint Michael Chaldean Catholic,"799 E Washington Ave #5327, El Cajon, CA 92020",11/25/2020,1 of 1
Church,Victory Outreach,"616 N Citrus Ave, Escondido, CA 92027",11/25/2020,1 of 1
Manufacturing/Other Business,California Commercial Security,"9560 Ridgehaven Ct c, San Diego, CA 92123",11/25/2020,1 of 1
Manufacturing/Other Business,Flores Financial Services,"10095 Mission Gorge Rd #101, Santee, CA 92071",11/25/2020,1 of 1
Manufacturing/Other Business,Pacific Building Group,"3430 Carmel Mountain Rd, San Diego, CA 92121",11/25/2020,1 of 1
Manufacturing/Other Business,Progressive Steel,"9188 Harness St, Spring Valley, CA 91977",11/25/2020,1 of 1
Manufacturing/Other Business,Qed Systems Inc,"1010 W 19th St, National City, CA 91950",11/25/2020,1 of 1
Manufacturing/Other Business,Quality Controlled Manufacturing,"9429 Abraham Way, Santee, CA 92071",11/25/2020,1 of 1
Manufacturing/Other Business,Watchlight Corporation,"111 S Marshall Ave, El Cajon, CA 92020",11/25/2020,1 of 1
Preschool/Childcare,Chula Vista KinderCare,"1101 Paseo Ladera, Chula Vista, CA 91910",11/25/2020,1 of 1
Preschool/Childcare,Little Steps Christian Preschool,"6551 Soledad Mountain Rd, La Jolla, CA 92037",11/25/2020,1 of 1
Restaurant/Bar,Rei Do Gado Brazilian Steak House,"939 Fourth Ave, San Diego, CA 92101",11/25/2020,1 of 1
Retail/Grocery Store,Ross Dress for Less,"628 Palomar St, Chula Vista, CA 91911",11/25/2020,1 of 1
Retail/Grocery Store,Trader Joe's,"878 Eastlake Pkwy, Chula Vista, CA 91914",11/25/2020,1 of 1
Retail/Grocery Store,Walmart,"170 Town Center Pkwy, Santee, CA 92071",11/25/2020,1 of 1
School,Olympic View Elementary School,"1220 S Greensview Dr, Chula Vista, CA 91915",11/25/2020,1 of 1
Government,County of San Diego Registrar of Voters,"5600 Overland Avenue, San Diego, CA 92123",11/24/2020,1 of 1
Manufacturing/Other Business,Amazon Delivery Station,"901 Bay Marina Dr, National City, CA 91950",11/24/2020,1 of 1
Manufacturing/Other Business,Discount Tire,"8867 Grossmont Blvd, La Mesa, CA 91942",11/24/2020,1 of 1
Manufacturing/Other Business,General Atomics,"3550 General Atomics Ct, San Diego, CA 92121",11/24/2020,1 of 1
Manufacturing/Other Business,ScienCell Research Laboratories Inc,"1610 Faraday Ave, Carlsbad, CA 92008",11/24/2020,1 of 1
Medical,Western Medical Training Center,"1161 E Main St Unit 205, El Cajon, CA 92021",11/24/2020,1 of 1
Restaurant/Bar,Bub's at the Beach,"1030 Garnet Ave, San Diego, CA 92109",11/24/2020,1 of 1
Restaurant/Bar,Great Maple Hillcrest,"1451 Washington St, San Diego, CA 92103",11/24/2020,1 of 1
Retail/Grocery Store,Walmart,"875 E H St, Chula Vista, CA 91910",11/24/2020,1 of 1
Retail/Grocery Store,Walmart,"710 Dennery Rd, San Diego, CA 92154",11/24/2020,1 of 1
Senior Living/Nursing Home,Alta Vista Senior Living,"2041 W Vista Way, Vista, CA 92083",11/24/2020,1 of 1
Senior Living/Nursing Home,Oak Ranch House,"10449 Oak Ranch Pl, Escondido, CA 92026",11/24/2020,1 of 1
Senior Living/Nursing Home,Villa Coronado Skilled Nursing Facility,"233 Prospect Pl, Coronado, CA 92118",11/24/2020,1 of 1
Church,Awaken Church,"7620 Balboa Ave, San Diego, CA 92111",11/23/2020,1 of 1
Church,Canyon Ridge Baptist Church,"6866 Linda Vista Rd, San Diego, CA 92111",11/23/2020,1 of 1
Manufacturing/Other Business,Epsilon Systems Solutions,"9242 Lightwave Avenue Suite 100, San Diego, CA 92123",11/23/2020,1 of 1
Manufacturing/Other Business,Tubbs Enterprises Inc,"2620 Aurora Glen, Escondido, CA 92027",11/23/2020,1 of 1
Preschool/Childcare,Adventure Point Early Learning,"1805 E 17th St, National City, CA 91950",11/23/2020,1 of 1
Retail/Grocery Store,Marshalls,"8170 Mira Mesa Rd, San Diego, CA 92126",11/23/2020,1 of 1
Retail/Grocery Store,Old Navy,"990 Camino Del Rio N, San Diego, CA 92108",11/23/2020,1 of 1
School,St Rose of Lima School,"278 Alvarado St, Chula Vista, CA 91910",11/23/2020,1 of 1
Senior Living/Nursing Home,Life Care Center of Vista,"304 N Melrose Dr, Vista, CA 92083",11/23/2020,1 of 1
Senior Living/Nursing Home,Parkview Memory Care,"735 Arcadia Ave, National City, CA 91950",11/23/2020,1 of 1
Senior Living/Nursing Home,Solstice Senior Living,"444 Prescott Ave, El Cajon, CA 92020",11/23/2020,1 of 1
Manufacturing/Other Business,Bit Pros Inc,"670 Opper St, Escondido, CA 92029",11/22/2020,1 of 1
Manufacturing/Other Business,JC Flooring,"6165 Carling Way #5, San Diego, CA 92115",11/22/2020,1 of 1
Manufacturing/Other Business,Q Microwave Inc,"1591 Pioneer Way, El Cajon, CA 92020",11/22/2020,1 of 1
Manufacturing/Other Business,Quality Interiors and Patio Furniture Repair,"1181 W Morena Blvd, San Diego, CA 92110",11/22/2020,1 of 1
Restaurant/Bar,Flicks,"1017 University Ave, San Diego, CA 92103",11/22/2020,1 of 1
Restaurant/Bar,Lumi,"366 5th Ave, San Diego, CA 92101",11/22/2020,1 of 1
Restaurant/Bar,Pueblo,"877 Hornblend St, San Diego, CA 92109",11/22/2020,1 of 1
Retail/Grocery Store,Burlington,"555 Broadway Suite 1019, Chula Vista, CA 91910",11/22/2020,1 of 1
Retail/Grocery Store,Trader Joe's,"1090 University Ave Ste G100-107, San Diego, CA 92103",11/22/2020,1 of 1
Senior Living/Nursing Home,Carroll's Residential Care,"655 S Mollison Ave, El Cajon, CA 92020",11/22/2020,1 of 1
Social Club,American Legion Post 820,"1268 Palm Ave, Imperial Beach, CA 91932",11/22/2020,1 of 1
Government,US Customs and Border Protection Tecate,"405 Tecate Rd, Tecate, CA 91980",11/21/2020,1 of 1
Jail/Detention Facility,Vista Detention Facility,"325 S Melrose Dr, Vista, CA 92081",11/21/2020,1 of 1
Manufacturing/Other Business,Javo Beverage Co,"1311 Specialty Dr, Vista, CA 92081",11/21/2020,1 of 1
Restaurant/Bar,Ballast Point,"9045 Carroll Way, San Diego, CA 92121",11/21/2020,1 of 1
Restaurant/Bar,Denny's,"424 W Mile of Cars Way, National City, CA 91950",11/21/2020,1 of 1
Restaurant/Bar,Fat Fish Cantina Grill,"4474 Mission Blvd, San Diego, CA 92109",11/21/2020,1 of 1
Restaurant/Bar,McDonald's,"2796 Main St, San Diego, CA 92113",11/21/2020,1 of 1
Retail/Grocery Store,CVS,"1299 Broadway, El Cajon, CA 92021",11/21/2020,1 of 1
Retail/Grocery Store,Home Depot,"4255 Genesee Ave, San Diego, CA 92117",11/21/2020,1 of 1
Retail/Grocery Store,TJ Maxx,"3951 Camino De La Plaza, San Ysidro, CA 92173",11/21/2020,1 of 1
Retail/Grocery Store,Walmart,"13425 Community Rd, Poway, CA 92064",11/21/2020,1 of 1
Senior Living/Nursing Home,Grossmont Gardens Retirement Community,"5480 Marengo Ave, La Mesa, CA 91942",11/21/2020,1 of 1
Senior Living/Nursing Home,Versatile Adult Residential Care Facility,"1830 Goodwin Drive, Vista, CA 92084",11/21/2020,1 of 1
Attraction/Recreation,Seaworld,"500 Sea World Dr, San Diego, CA 92109",11/20/2020,1 of 1
Attraction/Recreation,Singing Hills Golf Resort at Sycuan,"3007 Dehesa Rd, El Cajon, CA 92019",11/20/2020,1 of 1
Church,St John Chaldean Catholic Church,"1763 N 1st St, El Cajon, CA 92021",11/20/2020,1 of 1
Government,City of Santee Department of Finance,"10765 Woodside Ave, Santee, CA 92071",11/20/2020,1 of 1
Government,San Diego Fire and Rescue Station 47,"6041 Edgewood Bend Ct, San Diego, CA 92130",11/20/2020,1 of 1
Gym,24 Hour Fitness,"1640 Camino Del Rio N, San Diego, CA 92108",11/20/2020,1 of 1
Manufacturing/Other Business,Allied Universal,"10680 Trina St, San Diego, CA 92131",11/20/2020,1 of 1
Manufacturing/Other Business,Bonita Pet Care Animal Hospital,"5080 Bonita Rd E & F, Bonita, CA 91902",11/20/2020,1 of 1
Manufacturing/Other Business,Heinz Frozen Food,"7878 Airway Rd, San Diego, CA 92154",11/20/2020,1 of 1
Manufacturing/Other Business,Veterans United Home Loans of San Diego,"6863 Friars Rd Suite 100, San Diego, CA 92108",11/20/2020,1 of 1
Senior Living/Nursing Home,La Mesa Healthcare,"3780 Massachusetts Ave, La Mesa, CA 91941",11/20/2020,2 of 2
Preschool/Childcare,Kids on the Go,"2015 Birch Rd, Chula Vista, CA 91915",11/20/2020,1 of 1
Restaurant/Bar,Mission Brewery,"1441 L St, San Diego, CA 92101",11/20/2020,1 of 1
Restaurant/Bar,North Italia,"7055 Friars Rd, San Diego, CA 92108",11/20/2020,1 of 1
Restaurant/Bar,Olive Garden,"9800 Mission Gorge Rd, Santee, CA 92071",11/20/2020,1 of 1
Restaurant/Bar,Olive Garden,"585 I St, Chula Vista, CA 91910",11/20/2020,1 of 1
Retail/Grocery Store,Carmax,"7766 Balboa Ave, San Diego, CA 92111",11/20/2020,1 of 1
Retail/Grocery Store,Ralphs,"6670 Montezuma Rd, San Diego, CA 92115",11/20/2020,1 of 1
Retail/Grocery Store,UPS,"7925 Ronson Rd, San Diego, CA 92111",11/20/2020,1 of 1
Retail/Grocery Store,Walmart,"1200 Highland Ave, National City, CA 91950",11/20/2020,1 of 1
Senior Living/Nursing Home,Country Hills Health Care Center,"1580 Broadway, El Cajon, CA 92021",11/20/2020,3 of 3
Senior Living/Nursing Home,Silverado Memory Care Unit,"335 Saxony Rd, Encinitas, CA 92024",11/20/2020,1 of 1
Church,Templo Monte Sinai,"2997 Rancho Maria Ln, Ramona, CA 92065",11/19/2020,1 of 1
Gym,F45 Training San Diego,"201 Park Blvd Suite 115, San Diego, CA 92101",11/19/2020,1 of 1
Manufacturing/Other Business,Meggitt Inc,"6650 Top Gun St, San Diego, CA 92121",11/19/2020,1 of 1
Manufacturing/Other Business,Pacific Pet Resort,"2909 San Luis Rey Rd, Oceanside, CA 92054",11/19/2020,1 of 1
Retail/Grocery Store,Marshalls,"310 E H St, Chula Vista, CA 91910",11/19/2020,1 of 1
Senior Living/Nursing Home,Granada Hills,"3990 N Granada Ave, Spring Valley, CA 91977",11/19/2020,1 of 1
Church,El Cajon New Life Church of the Nazarene,"1123 N Mollison Ave, El Cajon, CA 92021",11/18/2020,1 of 1
Church,Iglesia de Cristo,"4931 Logan Ave, San Diego, CA 92113",11/18/2020,1 of 1
Church,St Mary Catholic Church,"1170 S Broadway, Escondido, CA 92025",11/18/2020,1 of 1
Manufacturing/Other Business,International Iron Products,"10883 Thornmint Rd, San Diego, CA 92127",11/18/2020,1 of 1
Manufacturing/Other Business,Sheffield Platers,"9850 Waples St, San Diego, CA 92121",11/18/2020,1 of 1
Manufacturing/Other Business,Sunbelt Rentals,"2615 Main St, Chula Vista, CA 91911",11/18/2020,1 of 1
Preschool/Childcare,Ridge City Preschool and Daycare,"6866 Linda Vista Rd, San Diego, CA 92111",11/18/2020,1 of 1
Preschool/Childcare,San Diego French American School,"6550 Soledad Mountain Rd, La Jolla, CA 92037",11/18/2020,1 of 1
Restaurant/Bar,Chili's Grill and Bar,"9804 Mission Gorge Rd, Santee, CA 92071",11/18/2020,1 of 1
Restaurant/Bar,Olive Garden,"3215 Sports Arena Blvd, San Diego, CA 92110",11/18/2020,1 of 1
Retail/Grocery Store,JC Penny's,"6987 Friars Rd, San Diego, CA 92108",11/18/2020,1 of 1
Retail/Grocery Store,Lowe's,"2318 Northside Dr, San Diego, CA 92108",11/18/2020,1 of 1
School,Calvary Christian Academy,"1771 E Palomar St, Chula Vista, CA 91913",11/18/2020,1 of 1
Gym,Planet Fitness,"2015 Birch Rd, Chula Vista, CA 91915",11/17/2020,1 of 1
Preschool/Childcare,La Petite Academy,"795 Corral Canyon Rd, Bonita, CA 91902",11/17/2020,1 of 1
Preschool/Childcare,Ready Set Grow Learning Center,"728 Pepper Dr #1159, El Cajon, CA 92021",11/17/2020,1 of 1
Restaurant/Bar,Cheesecake Factory,"2015 Birch Rd, Chula Vista, CA 91915",11/17/2020,1 of 1
Restaurant/Bar,Stone Brewing,"2816 Historic Decatur Rd #116, San Diego, CA 92106",11/17/2020,1 of 1
Retail/Grocery Store,Walmart,"3412 College Ave, San Diego, CA 92115",11/17/2020,1 of 1
Government,San Diego Fire Rescue Station 37,"11640 Spring Canyon Rd, San Diego, CA 92131",11/16/2020,1 of 1
Medical,Indian Health Council,"50100 Golsh Rd, Valley Center, CA 92082",11/16/2020,1 of 1
Shelter/Rehab/Other Group Living,Alpine Special Treatment Center,"2120 Alpine Blvd, Alpine, CA 91901",11/16/2020,1 of 1
Manufacturing/Other Business,Baker Electric,"1298 Pacific Oaks Pl, Escondido, CA 92029",11/14/2020,1 of 1
Manufacturing/Other Business,Bright Event Rentals,"7069 Consolidated Way, San Diego, CA 92121",11/14/2020,1 of 1
Manufacturing/Other Business,Carstar Autopark Collision,"350 N Quince St, Escondido, CA 92025",11/14/2020,1 of 1
Manufacturing/Other Business,San Diego Tax and Financial Associates,"5411 Avenida Encinas Suite 180, Carlsbad, CA 92008",11/14/2020,1 of 1
Medical,Poway Healthcare Center,"15632 Pomerado Rd, Poway, CA 92064",11/14/2020,1 of 1
Restaurant/Bar,127 West Social House,"127 W Elder St, Fallbrook, CA 92028",11/14/2020,1 of 1
Restaurant/Bar,Barleymash,"600 Fifth Ave #6916, San Diego, CA 92101",11/14/2020,1 of 1
Restaurant/Bar,IHOP,"1430 E Plaza Blvd, National City, CA 91950",11/14/2020,1 of 1
Restaurant/Bar,PB Pub,"4471 Gresham St, San Diego, CA 92109",11/14/2020,1 of 1
Restaurant/Bar,Tavern at the Beach,"1200 Garnet Ave, San Diego, CA 92109",11/14/2020,1 of 1
Government,Chula Vista Police Department,"315 4th Ave, Chula Vista, CA 91910",11/13/2020,1 of 1
Medical,SS Vascular,"1111 Broadway, Chula Vista, CA 91911",11/13/2020,1 of 1
Restaurant/Bar,Gen Korean,"10765 Westview Pkwy, San Diego, CA 92126",11/13/2020,2 of 2
Senior Living/Nursing Home,Felicita Vida Senior Living,"930 Monticello Dr, Escondido, CA 92029",11/13/2020,1 of 1
Government,DMV,"30 N Glover Ave, Chula Vista, CA 91910",11/12/2020,1 of 1
Manufacturing/Other Business,Fluor Enterprises,"1520 Innovation Dr, San Diego, CA 92128",11/12/2020,1 of 1
Restaurant/Bar,55 Yardline Bar and Grill,"1020 W San Marcos Blvd, San Marcos, CA 92078",11/12/2020,1 of 1
Senior Living/Nursing Home,Vista Del Lago Memory Care,"1817 Avenida Del Diablo, Escondido, CA 92029",11/12/2020,1 of 1
Manufacturing/Other Business,Crest Beverage,"8870 Liquid Ct, San Diego, CA 92121",11/11/2020,1 of 1
Retail/Grocery Store,DD's Discounts,"935 Sweetwater Rd #105, Spring Valley, CA 91977",11/11/2020,1 of 1
Retail/Grocery Store,Home Depot,"5920 Fairmount Ave, San Diego, CA 92120",11/11/2020,1 of 1
Retail/Grocery Store,Home Depot,"7530 Broadway, Lemon Grove, CA 91945",11/11/2020,1 of 1
Retail/Grocery Store,Nordstrom Rack,"1640 Camino Del Rio N, San Diego, CA 92108",11/11/2020,1 of 1
Retail/Grocery Store,Target,"1280 Auto Park Way, Escondido, CA 92029",11/11/2020,1 of 1
Gym,Crunch Fitness,"522 Jamacha Road, El Cajon, CA 92019",11/10/2020,1 of 1
Preschool/Childcare,Montessori Hills Academy,"612 Paseo Del Rey, Chula Vista, CA 91910",11/10/2020,1 of 1
Restaurant/Bar,Coasterra,"880 Harbor Island Dr, San Diego, CA 92101",11/10/2020,1 of 1
Restaurant/Bar,Romesco Mexiterranean Bistro,"4346 Bonita Rd, Bonita, CA 91902",11/10/2020,1 of 1
Retail/Grocery Store,Costco,"895 E H St, Chula Vista, CA 91910",11/10/2020,1 of 1
Retail/Grocery Store,H&M Fashion Valley,"7007 Friars Rd, San Diego, CA 92108",11/10/2020,1 of 1
Retail/Grocery Store,Ross Dress for Less,"3998 Clairemont Mesa Blvd, San Diego, CA 92117",11/10/2020,1 of 1
Retail/Grocery Store,Target,"5680 Balboa Ave, San Diego, CA 92111",11/10/2020,1 of 1
Retail/Grocery Store,Walmart,"575 Saturn Blvd, San Diego, CA 92154",11/10/2020,1 of 1
Retail/Grocery Store,Walmart,"5500 Grossmont Center Dr, La Mesa, CA 91942",11/10/2020,1 of 1
Manufacturing/Other Business,AMG Demolition and Environmental Services,"4005 Pacific Hwy, San Diego, CA 92110",11/9/2020,1 of 1
Manufacturing/Other Business,Monterey Financial Services,"4095 Avenida De La Plata, Oceanside, CA 92056",11/9/2020,1 of 1
Manufacturing/Other Business,Pay Low Insurance,"595 Parkway Plaza, El Cajon, CA 92020",11/9/2020,1 of 1
Manufacturing/Other Business,SES Secure E Waste Solutions,"8810 Rehco Rd C, San Diego, CA 92121",11/9/2020,1 of 1
Medical,San Diego Cardiac Center,"3131 Berger Ave #200, San Diego, CA 92123",11/9/2020,1 of 1
Restaurant/Bar,Meze Greek Fusion,"345 Sixth Ave, San Diego, CA 92101",11/9/2020,1 of 1
Restaurant/Bar,Olive Garden,"1107 W Valley Pkwy, Escondido, CA 92025",11/9/2020,1 of 1
Retail/Grocery Store,Fedex Ground,"10132 Airway Rd, San Diego, CA 92154",11/9/2020,1 of 1
Retail/Grocery Store,Trader Joe's,"5495 Grossmont Center Dr, La Mesa, CA 91942",11/9/2020,1 of 1
School,Jamul Primary School,"14567 Lyons Valley Road, Jamul, CA 91935",11/9/2020,1 of 1
Senior Living/Nursing Home,Open Arms Adult Residential Facility,"9515 Date St., Spring Valley, CA 91977",11/8/2020,1 of 1
Senior Living/Nursing Home,Spearman Lane Adult Residential Facility,"2269 Pointe Parkway, Spring Valley, CA 91978",11/7/2020,1 of 1
Attraction/Recreation,San Diego Zoo Safari Park,"15500 San Pasqual Valley Rd, Escondido, CA 92027",11/6/2020,1 of 1
Church,Walk of Life,"168 Evvia Ct, Vista, CA 92083",11/6/2020,1 of 1
Manufacturing/Other Business,Altman Plants,"3742 Blue Bird Canyon Rd, Vista, CA 92084",11/6/2020,1 of 1
Manufacturing/Other Business,Escondido Disposal,"1021 W Mission Ave, Escondido, CA 92025",11/6/2020,1 of 1
Restaurant/Bar,Junction Bar and Grill,"777 Jamacha Rd, El Cajon, CA 92019",11/6/2020,1 of 1
Restaurant/Bar,Nordstrom Cafe,"6997 Friars Rd, San Diego, CA 92108",11/6/2020,1 of 1
Restaurant/Bar,The Draft,"4225 Oceanside Blvd, Oceanside, CA 92056",11/6/2020,1 of 1
Restaurant/Bar,Wendy's,"871 Broadway, El Cajon, CA 92021",11/6/2020,1 of 1
Retail/Grocery Store,Costco,"725 Center Dr, San Marcos, CA 92069",11/6/2020,1 of 1
Retail/Grocery Store,Macy's,"555 Broadway St Ste 0, Chula Vista, CA 91910",11/6/2020,1 of 1
School,Forte Academy of the Arts,"615 Sycamore Ave, Vista, CA 92083",11/6/2020,1 of 1
Senior Living/Nursing Home,Vi at La Jolla Village Care Center,"8515 Costa Verde Blvd, San Diego, CA 92122",11/6/2020,1 of 1
Shelter/Rehab/Other Group Living,Family Recovery Center,"1100 Sportfisher Dr, Oceanside, CA 92054",11/6/2020,1 of 1
Attraction/Recreation,Petco Park Movie Night,"100 Park Blvd, San Diego, CA 92101",11/5/2020,1 of 1
Manufacturing/Other Business,Amazon,"16550 Via Esprillo, San Diego, CA 92127",11/5/2020,1 of 1
Retail/Grocery Store,Marshalls,"8657 Villa La Jolla Dr, La Jolla, CA 92037",11/5/2020,1 of 1
Salon/Barbershop,Masters Cut,"790 N 2nd St, El Cajon, CA 92021",11/5/2020,1 of 1
School,Lexington Elementary,"1145 Redwood Ave, El Cajon, CA 92019",11/5/2020,1 of 1
Senior Living/Nursing Home,Harbor View Senior Assisted Living,"2360 Albatross St, San Diego, CA 92101",11/5/2020,1 of 1
Church,Good Shepard Catholic Church,"8200 Gold Coast Dr, San Diego, CA 92126",11/4/2020,1 of 1
Church,Vista Samoan Assembly of God,"1130 E Taylor St, Vista, CA 92084",11/4/2020,1 of 1
Hotel,Wyndham Resort,"333 N Myers St, Oceanside, CA 92054",11/4/2020,1 of 1
Manufacturing/Other Business,AAA,"800 La Terraza Blvd, Escondido, CA 92025",11/4/2020,1 of 1
Manufacturing/Other Business,Evans Tire and Service Center,"3747 Convoy St, San Diego, CA 92111",11/4/2020,1 of 1
Attraction/Recreation,Strawberry Field Carlsbad,"1050 Cannon Rd, Carlsbad, CA 92008",11/3/2020,1 of 1
Manufacturing/Other Business,Aztec Landscaping,"7980 Lemon Grove Way, Lemon Grove, CA 91945",11/3/2020,1 of 1
Manufacturing/Other Business,Rocky Coast Builders,"135 Market Pl, Escondido, CA 92029",11/3/2020,1 of 1
Restaurant/Bar,Blarney Stone Pub,"388 N 2nd St, El Cajon, CA 92021",11/3/2020,1 of 1
Restaurant/Bar,Chili's Grill and Bar,"800 Paseo Del Rey, Chula Vista, CA 91910",11/3/2020,1 of 1
Restaurant/Bar,IHOP,"632 Sycamore Ave, Vista, CA 92083",11/3/2020,1 of 1
Restaurant/Bar,Manna Korean BBQ,"8188 Mira Mesa Blvd, San Diego, CA 92126",11/3/2020,1 of 1
Restaurant/Bar,Thrusters Lounge,"4633 Mission Blvd, San Diego, CA 92109",11/3/2020,1 of 1
Retail/Grocery Store,Target,"910 Eastlake Pkwy, Chula Vista, CA 91914",11/3/2020,1 of 1
Retail/Grocery Store,Walmart,"4840 Shawline St, San Diego, CA 92111",11/3/2020,1 of 1
School,Valhalla High School,"1725 Hillsdale Rd, El Cajon, CA 92019",11/3/2020,1 of 1
Restaurant/Bar,Bali Hai,"2230 Shelter Island Dr, San Diego, CA 92106",11/2/2020,1 of 1
Restaurant/Bar,Outback Steakhouse,"2980 Plaza Bonita Rd, National City, CA 91950",11/2/2020,1 of 1
Restaurant/Bar,Yard House,"1640 Camino Del Rio N, San Diego, CA 92108",11/2/2020,1 of 1
Retail/Grocery Store,Costco,"4605 Morena Blvd, San Diego, CA 92117",11/2/2020,1 of 1
Retail/Grocery Store,Costco Optical Lab,"1001 W 19th St, National City, CA 91950",11/2/2020,1 of 1
Medical,Vista Village Pediatrics,"950 Civic Center Dr, Vista, CA 92083",11/1/2020,1 of 1
Manufacturing/Other Business,Eternal Hills Mortuary,"1999 El Camino Real, Oceanside, CA 92054",10/31/2020,1 of 1
Manufacturing/Other Business,Custom Engineering Plastics,"8558 Miramar Pl, San Diego, CA 92121",10/30/2020,1 of 1
Medical,Select Specialty Hospital,"555 Washington St, San Diego, CA 92103",10/30/2020,1 of 1
Restaurant/Bar,Dunkin Donuts,"1310 E Vista Way, Vista, CA 92084",10/30/2020,1 of 1
Retail/Grocery Store,Bates Nut Farm,"15954 Woods Valley Rd, Valley Center, CA 92082",10/30/2020,1 of 1
Retail/Grocery Store,North Park Produce,"432 E Chase Ave, El Cajon, CA 92020",10/30/2020,1 of 1
Salon/Barbershop,Cali Clip's Deluxe Barbershop,"1110 N Santa Fe Ave suite a, Vista, CA 92083",10/30/2020,1 of 1
Manufacturing/Other Business,Equity Cabinets,"829 Pine St, Ramona, CA 92065",10/29/2020,1 of 1
Senior Living/Nursing Home,Las Villas de Carlsbad,"1088 Laguna Dr, Carlsbad, CA 92008",10/29/2020,1 of 1
Retail/Grocery Store,Macy's,"7017 Friars Rd, San Diego, CA 92108",10/28/2020,1 of 1
Retail/Grocery Store,Target,"443 College Blvd, Oceanside, CA 92057",10/28/2020,1 of 1
Government,Andrew Jackson Post Office,"6401 El Cajon Blvd, San Diego, CA 92115",10/27/2020,1 of 1
Government,Naval Information Warfare Center Pacific,"49275 Electron Dr, San Diego, CA 92152",10/27/2020,1 of 1
Manufacturing/Other Business,Seescan,"3855 Ruffin Rd, San Diego, CA 92123",10/27/2020,1 of 1
Medical,Real Dental Care,"690 E St, Chula Vista, CA 91910",10/27/2020,1 of 1
Restaurant/Bar,Colors Gourmet Pizza,"2349 La Mirada Drive, Vista, CA 92081",10/27/2020,1 of 1
Retail/Grocery Store,Albertsons,"3450 Marron Rd, Oceanside, CA 92056",10/27/2020,1 of 1
Retail/Grocery Store,Mossy Nissan National City,"2700 National City Blvd, National City, CA 91950",10/27/2020,1 of 1
Senior Living/Nursing Home,Kimball Residential Care Home,"710 Kimball St, Escondido, CA 92027",10/27/2020,1 of 1
Preschool/Childcare,Scripps Ranch Kindercare,"10623 Treena St, San Diego, CA 92131",10/26/2020,1 of 1
Manufacturing/Other Business,Propulsions Controls Engineering,"1620 Rigel St, San Diego, CA 92113",10/24/2020,1 of 1
Medical,Kaiser Otay Mesa Medical Offices,"4650 Palm Ave, San Diego, CA 92154",10/24/2020,1 of 1
Preschool/Childcare,Discovery Isle Preschool,"308 S Twin Oaks Valley Rd, San Marcos, CA 92078",10/23/2020,1 of 1
Restaurant/Bar,Mariscos El Camaron,"193 Broadway, Chula Vista, CA 91910",10/23/2020,1 of 1
Retail/Grocery Store,Trader Joe's,"1072 Camino Del Rio N, San Diego, CA 92108",10/23/2020,1 of 1
Manufacturing/Other Business,Bellus Academy,"970 Broadway, Chula Vista, CA 91911",10/22/2020,1 of 1
Manufacturing/Other Business,Brixton Capital,"120 S Sierra Ave, Solana Beach, CA 92075",10/22/2020,1 of 1
Medical,San Ysidro Health Center - Precision Park Corporate Office ( Call Center),"1601 Precision Park Ln, San Diego, CA 92173",10/22/2020,1 of 1
Senior Living/Nursing Home,Bency's Ranch,"731 W 16th Ave, Escondido, CA 92025",10/21/2020,1 of 1
Manufacturing/Other Business,Champion Ballroom Academy,"4255 Ruffin Rd #200, San Diego, CA 92123",10/20/2020,1 of 1
Restaurant/Bar,Black Bear Diner,"1025 Fletcher Pkwy, El Cajon, CA 92020",10/20/2020,1 of 1
Restaurant/Bar,Social Tap,"815 J St Suite #101, San Diego, CA 92101",10/20/2020,1 of 1
Restaurant/Bar,The Sugar Factory,"701 Fifth Ave, San Diego, CA 92101",10/20/2020,1 of 1
Retail/Grocery Store,Target,"2911 Jamacha Road, El Cajon, CA 92019",10/20/2020,1 of 1
Senior Living/Nursing Home,Monte Vista Manor,"2331 Monte Vista Dr, Vista, CA 92084",10/20/2020,1 of 1
Church,Casa De Reino,"3638 Ocean View Blvd, San Diego, CA 92113",10/19/2020,1 of 1
Manufacturing/Other Business,Solecta Inc,"4113 Avenida De La Plata, Oceanside, CA 92056",10/19/2020,1 of 1
Restaurant/Bar,Ketch Grill and Taps,"2614 Shelter Island Dr, San Diego, CA 92106",10/19/2020,1 of 1
Medical,Patterson Dental,"4030 Sorrento Valley Blvd, San Diego, CA 92121",10/17/2020,1 of 1
Medical,Sharp Rees- Stealy Copley,"5651 Copley Drive Ste A, San Diego, CA 92111",10/17/2020,1 of 1
Senior Living/Nursing Home,BMJ Residential Home Care,"1006 Chestnut Dr, Escondido, CA 92025",10/17/2020,1 of 1
Senior Living/Nursing Home,Life Care Center of Escondido,"1980 Felicita Rd, Escondido, CA 92025",10/17/2020,1 of 1
Manufacturing/Other Business,Wartsila Defense Inc,"3781 Dalbergia Street, San Diego, CA 92113",10/16/2020,1 of 1
Preschool/Childcare,Scripps Montessori School,"9939 Old Grove Rd, San Diego, CA 92131",10/16/2020,1 of 1
Church,St. Ephrem Maronite Catholic Church,"750 Medford St, El Cajon, CA 92020",10/14/2020,1 of 1
Manufacturing/Other Business,ABC Construction,"3120 National Ave, San Diego, CA 92113",10/14/2020,1 of 1
Restaurant/Bar,Herb & Wood,"2210 Kettner Blvd, San Diego, CA 92101",10/14/2020,1 of 1
Restaurant/Bar,North Italia,"3715 Caminito Ct Ste 680, San Diego, CA 92130",10/14/2020,1 of 1
Restaurant/Bar,Park 101,"3040 Carlsbad Blvd, Carlsbad, CA 92008",10/14/2020,1 of 1
Retail/Grocery Store,Target,"3060 Plaza Bonita Rd, National City, CA 91950",10/14/2020,1 of 1
Manufacturing/Other Business,Fox Factory,"750 Vernon Way, El Cajon, CA 92020",10/13/2020,1 of 1
Manufacturing/Other Business,Hughes Circuits,"546 S Pacific St, San Marcos, CA 92078",10/13/2020,1 of 1
Manufacturing/Other Business,Rental Car Center At San Diego International Airport,"3355 Admiral Boland Way, San Diego, CA 92101",10/13/2020,1 of 1
Manufacturing/Other Business,Weldmac Manufacturing Company,"1533 N Johnson Ave, El Cajon, CA 92020",10/13/2020,1 of 1
Manufacturing/Other Business,Tecnico Corporation,"1670 Brandywine Ave d, Chula Vista, CA 91911",10/10/2020,1 of 1
Church,Skyline Church,"11330 Campo Rd, La Mesa, CA 91941",10/9/2020,1 of 1
Hotel,KQ Ranch RV Resort,"449 K Q Ranch Rd, Julian, CA 92036",10/9/2020,1 of 1
Manufacturing/Other Business,Albert Court LTD,"16003 Via De Santa Fe, Rancho Santa Fe, CA 92067",10/9/2020,1 of 1
Manufacturing/Other Business,Amp United LLC,"1706 Hoover Ave, National City, CA 91950",10/9/2020,1 of 1
Manufacturing/Other Business,Pacific Ship,"1625 Rigel St, San Diego, CA 92113",10/9/2020,1 of 1
Restaurant/Bar,Galaxy Tacos,"2259 Avenida De La Playa, La Jolla, CA 92037",10/9/2020,1 of 1
Restaurant/Bar,Le Papagayo,"1002 N Coast Hwy 101, Encinitas, CA 92024",10/9/2020,1 of 1
Retail/Grocery Store,Costco,"2345 Fenton Pkwy, San Diego, CA 92108",10/9/2020,1 of 1
Retail/Grocery Store,Sam's Club,"6336 College Grove Way, San Diego, CA 92115",10/9/2020,1 of 1
School,Football Practice- Mt Carmel High School,"9550 Carmel Mountain Rd, San Diego, CA 92129",10/8/2020,1 of 1
School,Meridian Elementary,"651 S 3rd St, El Cajon, CA 92019",10/8/2020,1 of 1
Manufacturing/Other Business,Hobie Cat Co,"4925 Oceanside Blvd, Oceanside, CA 92056",10/7/2020,1 of 1
Manufacturing/Other Business,San Diego Job Corps,"1325 Iris Ave, Imperial Beach, CA 91932",10/7/2020,1 of 1
Manufacturing/Other Business,Taylor Guitars,"1980 Gillespie Way, El Cajon, CA 92020",10/7/2020,1 of 1
Restaurant/Bar,BJ's Restaurant and Brewhouse,"555 Broadway Suite 1019, Chula Vista, CA 91910",10/7/2020,1 of 1
Restaurant/Bar,Blue Ocean Sushi Bar- La Jolla,"1250 Prospect St Suite B11, La Jolla, CA 92037",10/7/2020,1 of 1
Restaurant/Bar,C Level Lounge,"880 Harbor Island Dr, San Diego, CA 92101",10/7/2020,1 of 1
Restaurant/Bar,Craft and Commerce,"675 W Beech St, San Diego, CA 92101",10/7/2020,1 of 1
Restaurant/Bar,Gen Korean,"10765 Westview Pkwy, San Diego, CA 92126",10/7/2020,1 of 2
Restaurant/Bar,Islands,"2255 Otay Lakes Rd, Chula Vista, CA 91915",10/7/2020,1 of 1
Retail/Grocery Store,Costco,"650 Gateway Center Dr, San Diego, CA 92102",10/7/2020,1 of 1
Retail/Grocery Store,Kohl's,"2325 Otay Lakes Rd, Chula Vista, CA 91915",10/7/2020,1 of 1
Retail/Grocery Store,Target,"8001 Othello Ave, San Diego, CA 92111",10/7/2020,1 of 1
Retail/Grocery Store,The Butcher Shop,"5255 Kearny Villa Rd, San Diego, CA 92123",10/7/2020,1 of 1
Senior Living/Nursing Home,Julia's Cottage,"1822 Avocado Rd, Oceanside, CA 92054",10/7/2020,1 of 1
Manufacturing/Other Business,Action Cleaning Corporation,"1668 Newton Ave, San Diego, CA 92113",10/6/2020,1 of 1
Manufacturing/Other Business,US Circuit Inc,"2071 Wineridge Pl, Escondido, CA 92029",10/6/2020,1 of 1
Retail/Grocery Store,Home Depot,"525 Saturn Blvd, San Diego, CA 92154",10/6/2020,1 of 1
Salon/Barbershop,Sovereign Barber Shop,"3773 30th St UNIT D, San Diego, CA 92104",10/6/2020,1 of 1
Manufacturing/Other Business,Global Kaizen,"133 Mata Way # 101, San Marcos, CA 92069",10/5/2020,1 of 1
Restaurant/Bar,In-N-Out Burger,"2005 Camino Del Este, San Diego, CA 92108",10/5/2020,1 of 1
Government,City of San Diego Communications Commission,"202 C St, San Diego, CA 92101",10/2/2020,1 of 1
Senior Living/Nursing Home,Westmont at San Miguel Ranch,"2325 Proctor Valley Rd, Chula Vista, CA 91914",10/1/2020,1 of 1
Restaurant/Bar,Cannonball,"3105 Ocean Front Walk, San Diego, CA 92109",9/29/2020,1 of 1
Restaurant/Bar,Submarine Crab,"4647 Convoy St #101b, San Diego, CA 92111",9/29/2020,1 of 1
Attraction/Recreation,Pacific Beach Recreation Center,"1405 Diamond St, San Diego, CA 92109",9/28/2020,1 of 1
Hotel,Hampton Inn & Suites,"1025 N Magnolia Ave, El Cajon, CA 92020",9/28/2020,1 of 1
Manufacturing/Other Business,ACS Habitat Management,"4011 Avenida de la Plata Suite 301, Oceanside, CA 92056",9/28/2020,1 of 1
Manufacturing/Other Business,Agri-Chemical and Supply Inc,"2002 Oceanside Blvd, Oceanside, CA 92054",9/28/2020,1 of 1
Manufacturing/Other Business,Blue Pacific Engineering and Construction,"7330 Opportunity Rd, San Diego, CA 92111",9/28/2020,1 of 1
Manufacturing/Other Business,Je Exports,"1680 Hilltop Dr, Chula Vista, CA 91911",9/28/2020,1 of 1
Retail/Grocery Store,Kohl's,"3450 College Ave, San Diego, CA 92115",9/28/2020,1 of 1
Government,Southwest Regional Maintenance Center,"3755 Brinser St. Ste 1, San Diego, CA 92136",9/25/2020,1 of 1
Restaurant/Bar,The Beachcomber,"2901 Mission Blvd, San Diego, CA 92109",9/25/2020,1 of 1
Government,San Diego Metropolitan Transit System Commercial Street Division,"1341 Commercial St., San Diego, CA 92113",9/24/2020,1 of 1
Government,San Diego Metropolitan Transit System- Ruffner Road Division,"4630 Ruffner St, San Diego, CA 92111",9/24/2020,1 of 1
Manufacturing/Other Business,American Emergency Products,"10729 Wheatlands Ave # C, Santee, CA 92071",9/24/2020,1 of 1
Manufacturing/Other Business,Apothekare Medical & Recreational Dispensary of San Diego,"3455 Camino del Rio S, San Diego, CA 92108",9/24/2020,1 of 1
Church,Kehilat Ariel Messianic Synagogue,"5185 Acuna St, San Diego, CA 92117",9/22/2020,1 of 1
Government,Urban Corps of San Diego County,"3127 Jefferson St, San Diego, CA 92110",9/22/2020,1 of 1
Hotel,The Lodge at Torrey Pines,"11480 N Torrey Pines Rd, La Jolla, CA 92037",9/22/2020,1 of 1
Manufacturing/Other Business,Unique Building Group,"8155 Mercury Ct Jury Classroom / Gallery, San Diego, CA 92111",9/22/2020,1 of 1
Restaurant/Bar,BJ's Restaurant and Brewhouse,"5500 Grossmont Center Dr, La Mesa, CA 91942",9/22/2020,1 of 1
Manufacturing/Other Business,Prism Maritime,"8835 Balboa Ave, San Diego, CA 92123",9/21/2020,1 of 1
Manufacturing/Other Business,SDSU Research Foundation,"5250 Campanile Dr, San Diego, CA 92182",9/21/2020,1 of 1
Restaurant/Bar,Lido's Italian Foods,"7252 Broadway, Lemon Grove, CA 91945",9/18/2020,1 of 1
Restaurant/Bar,Ocean Beach Noodle House and Sake Bar,"2218 Cable St, San Diego, CA 92107",9/18/2020,1 of 1
Retail/Grocery Store,Costco,"101 Town Center Pkwy, Santee, CA 92071",9/18/2020,1 of 1
Manufacturing/Other Business,Arrow Real Estate,"6120 Paseo Del Norte, Carlsbad, CA 92011",9/16/2020,1 of 1
Medical,Kaiser Medical Center,"9455 Clairemont Mesa Blvd, San Diego, CA 92123",9/16/2020,1 of 1
Restaurant/Bar,Original 40 Brewery,"3117 University Ave, San Diego, CA 92104",9/16/2020,1 of 1
Church,Iglesia Vida Nueva,"3295 Meade Ave, San Diego, CA 92116",9/15/2020,1 of 1
Senior Living/Nursing Home,Belmont Village Sabre Spring,"13075 Evening Creek Dr S, San Diego, CA 92128",9/15/2020,1 of 1
Manufacturing/Other Business,Hokto Kinoko,"2033 Marilyn Ln, San Marcos, CA 92069",9/14/2020,1 of 1
Manufacturing/Other Business,Instrument Overhaul Avionics,"1981 N Marshall Ave # 101, El Cajon, CA 92020",9/14/2020,1 of 1
Medical,Paradise Valley Hospital,"2400 E 4th St, National City, CA 91950",9/14/2020,1 of 1
Restaurant/Bar,Islands,"12224 Carmel Mountain Rd, San Diego, CA 92128",9/14/2020,1 of 1
Retail/Grocery Store,Costco,"1130 Broadway, Chula Vista, CA 91911",9/14/2020,1 of 1
Retail/Grocery Store,Palace Pawnbrokers,"951 Fourth Ave, San Diego, CA 92101",9/12/2020,1 of 1
Student Housing,The Suites on Paseo,"5595 Lindo Paseo, San Diego, CA 92115",9/10/2020,1 of 1
Student Housing,5025 Apartments,"5025 Collwood Blvd, San Diego, CA 92115",9/9/2020,1 of 1
Restaurant/Bar,Brigantine- Portside Pier,"1360 N Harbor Dr, San Diego, CA 92101",9/7/2020,1 of 1
Manufacturing/Other Business,E.L. Hobbs Inc,"1900 Weld Blvd #200, El Cajon, CA 92020",9/6/2020,1 of 1
Manufacturing/Other Business,VT Milcom,"1660 Logan Ave Suite B, San Diego, CA 92113",9/5/2020,1 of 1
Housing,Greencrest Mobile Home Park,"541 W 15th Ave, Escondido, CA 92025",9/4/2020,1 of 1
Manufacturing/Other Business,Big Sister League of San Diego Inc,"115 Redwood St, San Diego, CA 92103",9/4/2020,1 of 1
Manufacturing/Other Business,Greenwood Memorial Park and Mortuary,"4300 Imperial Ave, San Diego, CA 92113",9/4/2020,1 of 1
Restaurant/Bar,Cow-a-Bunga Ice Cream and Coffee,"10 Evergreen Ave Ste E, Imperial Beach, CA 91932",9/3/2020,1 of 1
Shelter/Rehab/Other Group Living,Home of Guiding Hands,"1908 Friendship Dr, El Cajon, CA 92020",9/3/2020,2 of 2
Student Housing,Blvd 63 Apartments,"6345 El Cajon Blvd, San Diego, CA 92115",9/3/2020,1 of 1
Student Housing,Iconic,"6625 Alvarado Rd, San Diego, CA 92120",9/3/2020,1 of 1
Manufacturing/Other Business,Dummen Orange,"800 Ecke Ranch Rd, Encinitas, CA 92024",9/2/2020,1 of 1
Restaurant/Bar,Sbicca Del Mar,"215 15th St, Del Mar, CA 92014",9/2/2020,1 of 1
Salon/Barbershop,Kutthroat Social Club Barber,"4281 University Ave, San Diego, CA 92105",9/2/2020,1 of 1
Senior Living/Nursing Home,Brookdale San Marcos,"1590 W San Marcos Blvd, San Marcos, CA 92078",9/2/2020,1 of 1
Student Housing,Paseo Place,"5665 Lindo Paseo, San Diego, CA 92115",9/2/2020,1 of 1
Student Housing,M @ College Apartments,"5030 College Ave, San Diego, CA 92115",9/1/2020,1 of 1
Senior Living/Nursing Home,Encinitas Nursing Rehabilitation Center,"900 Santa Fe Dr, Encinitas, CA 92024",8/30/2020,1 of 1
Student Housing,Sigma Chi,"5050 College Ave, San Diego, CA 92115",8/30/2020,1 of 1
Manufacturing/Other Business,SDCCU Escondido Civic Center Branch,"150 E Valley Pkwy, Escondido, CA 92025",8/29/2020,1 of 1
Medical,Fresenius Kidney Care North Coast,"3300 Vista Way Ste A, Oceanside, CA 92056",8/29/2020,1 of 1
Senior Living/Nursing Home,Zambrana's Adult Residential Facility #2,"1609 B Grove Street, National City, CA 91950",8/29/2020,1 of 1
Manufacturing/Other Business,Earthlite,"990 Joshua Way, Vista, CA 92081",8/28/2020,1 of 1
Manufacturing/Other Business,Hamilton Meats and Provisions Inc,"3515 Main St STE 208, Chula Vista, CA 91911",8/28/2020,1 of 1
Manufacturing/Other Business,Emerald Textiles,"1725 Dornoch Ct, San Diego, CA 92154",8/27/2020,1 of 1
Manufacturing/Other Business,Skydive San Diego,"13531 Otay Lakes Rd, Jamul, CA 91935",8/26/2020,1 of 1
Shelter/Rehab/Other Group Living,Casa Palmera,"14750 El Camino Real, Del Mar, CA 92014",8/25/2020,1 of 1
Manufacturing/Other Business,Sempra Energy Corporate Headquarters,"488 8th Ave, San Diego, CA 92101",8/24/2020,1 of 1
Senior Living/Nursing Home,Stanford Court Skilled Nursing and Rehabilitation Center,"8778 Cuyamaca St, Santee, CA 92071",8/24/2020,1 of 1
Hotel,Hilton San Diego,"15575 Jimmy Durante Blvd, Del Mar, CA 92014",8/23/2020,1 of 1
Manufacturing/Other Business,San Diego Steel Solutions,"579 Enterprise St, Escondido, CA 92029",8/23/2020,1 of 1
Medical,Scripps Coastal Medical Center Encinitas Primary Care,"477 North El Camino Real, Encinitas, CA 92024",8/23/2020,1 of 1
Manufacturing/Other Business,Mateo's Home Cleaning Service,"3903 Conrad Drive Apt. 63, Spring Valley, CA 91977",8/22/2020,1 of 1
Manufacturing/Other Business,Sunstate Equipment Co.,"5590 Eastgate Mall, San Diego, CA 92121",8/22/2020,1 of 1
Senior Living/Nursing Home,ActivCare at 4S Ranch,"10603 Rancho Bernardo Rd, San Diego, CA 92127",8/21/2020,1 of 1
Manufacturing/Other Business,Allied Coastal Construction Inc,"3357 4th Avenue Ste 2, San Diego, CA 92103",8/20/2020,1 of 1
Manufacturing/Other Business,Mad Engine LLC,"6740 Cobra Way Suite 100, San Diego, CA 92121",8/20/2020,1 of 1
Restaurant/Bar,356 Korean BBQ & Bar,"1640 Camino Del Rio N, San Diego, CA 92108",8/19/2020,1 of 1
Restaurant/Bar,Vintana Wine + Dine,"1205 Auto Park Way, Escondido, CA 92029",8/19/2020,1 of 1
Senior Living/Nursing Home,St. Paul's Villa,"2340 Fourth Ave, San Diego, CA 92101",8/19/2020,1 of 1
Attraction/Recreation,La Jolla Indian Campground,"22000 CA-76, Pauma Valley, CA 92061",8/18/2020,1 of 1
Senior Living/Nursing Home,A Better Solution in Home Care Inc,"3333 Camino del Rio S Unit 120, San Diego, CA 92108",8/16/2020,1 of 1
Senior Living/Nursing Home,Lantern Crest Assisted Living and Memory Care,"800 Lantern Crest Way, Santee, CA 92071",8/16/2020,1 of 1
Manufacturing/Other Business,Fix Auto National City,"1814 Roosevelt Ave, National City, CA 91950",8/15/2020,1 of 1
Manufacturing/Other Business,The King of the Painters,"4155 Camino Alegre, La Mesa, CA 91941",8/13/2020,1 of 1
Medical,DaVita Escondido Dialysis,"203 E 2nd Ave, Escondido, CA 92025",8/13/2020,1 of 1
Restaurant/Bar,Raglan Public House,"1851 Bacon St, San Diego, CA 92107",8/13/2020,1 of 1
Senior Living/Nursing Home,Mountain Shadows Community Homes San Diego,"2067 W El Norte Pkwy, Escondido, CA 92026",8/13/2020,1 of 1
Senior Living/Nursing Home,Seacrest Village,"211 Saxony Rd, Encinitas, CA 92024",8/13/2020,2 of 2
Jail/Detention Facility,Metropolitan Correctional Center,"808 Union St, San Diego, CA 92101",8/12/2020,1 of 1
Manufacturing/Other Business,Fiesta Food Services,"2504 S Santa Fe Ave # C4, Vista, CA 92084",8/12/2020,1 of 1
Manufacturing/Other Business,West Coast Tomato Growers,"5780 Mission Rd, Oceanside, CA 92057",8/12/2020,1 of 1
Government,San Diego County Sheriff's Department,"9621 Ridgehaven Court, San Diego, CA 92123",8/10/2020,1 of 1
Manufacturing/Other Business,Southland Envelope Co,"10111 Riverford Rd, Lakeside, CA 92040",8/10/2020,1 of 1
Manufacturing/Other Business,La Provence Bakery,"1370 W San Marcos Blvd # 130, San Marcos, CA 92078",8/9/2020,1 of 1
Restaurant/Bar,SEA180,"800 Seacoast Dr, Imperial Beach, CA 91932",8/9/2020,1 of 1
Retail/Grocery Store,Ralphs,"101 G St, San Diego, CA 92101",8/9/2020,1 of 1
Manufacturing/Other Business,"Kearny Mesa Chrysler, Dodge, Jeep and Ram","8010 Balboa Ave, San Diego, CA 92111",8/8/2020,1 of 1
Manufacturing/Other Business,Lab Corp of America San Diego,"13112 Evening Creek Dr South, San Diego, CA 92128",8/8/2020,1 of 1
Manufacturing/Other Business,N G Trucking,"2451 Siempre Viva Court, San Diego, CA 92154",8/8/2020,1 of 1
Manufacturing/Other Business,Scripps Research Institute,"10550 N Torrey Pines Rd, La Jolla, CA 92037",8/7/2020,1 of 1
Retail/Grocery Store,Apple Fashion Valley,"7007 Friars Rd, San Diego, CA 92108",8/7/2020,1 of 1
Senior Living/Nursing Home,Astor Healthcare Center,"247 E Bobier Dr, Vista, CA 92084",8/7/2020,1 of 1
Senior Living/Nursing Home,Merakey Coltrane,"1927 Coltrane Pl, Escondido, CA 92027",8/7/2020,1 of 1
Preschool/Childcare,NCCS Child Development Center,"1805 S Escondido Blvd, Escondido, CA 92025",8/6/2020,1 of 1
Senior Living/Nursing Home,Granite Hills Healthcare and Wellness Center LLC,"1340 E Madison Ave, El Cajon, CA 92021",8/6/2020,1 of 1
Senior Living/Nursing Home,Serra Mesa Guest House,"8693 Celestine Ave, San Diego, CA 92123",8/6/2020,1 of 1
Medical,American Chiropractic Services Robert Weinzimer,"535 H St, Chula Vista, CA 91910",8/5/2020,1 of 1
Restaurant/Bar,Colimas,"4140 Bonita Rd, Bonita, CA 91902",8/5/2020,1 of 1
Manufacturing/Other Business,Continental Maritime of San Diego,"1995 Bay Front St, San Diego, CA 92113",8/4/2020,1 of 1
Manufacturing/Other Business,Mechanical System Contractors,"4444 Viewridge Ave, San Diego, CA 92123",8/4/2020,1 of 1
Medical,San Diego Comprehensive Pain Management Center,"3703 Camino del Rio S # 210, San Diego, CA 92108",8/4/2020,1 of 1
School,Carmel Valley Montessori School,"3800 Mykonos Ln, San Diego, CA 92130",8/4/2020,1 of 1
Senior Living/Nursing Home,Village Square Nursing and Rehab Center,"1586 W San Marcos Blvd, San Marcos, CA 92078",8/4/2020,1 of 1
Shelter/Rehab/Other Group Living,St Vincent de Paul Village,"1501 Imperial Ave, San Diego, CA 92101",8/4/2020,1 of 2
Manufacturing/Other Business,California Water Sports,"4215 Harrison St, Carlsbad, CA 92008",8/3/2020,1 of 1
Senior Living/Nursing Home,Loving Hands Senior Care,"3245 Star Acres Drive, Spring Valley, CA 91978",8/3/2020,1 of 1
Government,San Diego International Airport,"3225 N Harbor Dr, San Diego, CA 92101",8/2/2020,1 of 1
Government,US Customs and Border Protection San Ysidro Port of Entry,"720 E San Ysidro Blvd, San Diego, CA 92173",8/2/2020,1 of 1
School,California State University San Marcos,"333 S Twin Oaks Valley Rd, San Marcos, CA 92096",8/1/2020,1 of 1
Government,Campo Border Patrol Station,"32355 Old Hwy 80, Pine Valley, CA 91962",7/31/2020,1 of 1
Gym,Crunch Fitness,"5881 University Ave, San Diego, CA 92115",7/31/2020,1 of 1
Senior Living/Nursing Home,Cypress Court,"1255 N Broadway, Escondido, CA 92026",7/31/2020,1 of 2
Senior Living/Nursing Home,Silvergate Fallbrook,"420 Elbrook Dr, Fallbrook, CA 92028",7/31/2020,1 of 1
Senior Living/Nursing Home,University Care Center,"5602 University Ave, San Diego, CA 92105",7/31/2020,1 of 1
Hotel,Hard Rock Hotel,"207 Fifth Ave, San Diego, CA 92101",7/30/2020,1 of 1
Restaurant/Bar,710 Beach Club,"710 Garnet Ave, San Diego, CA 92109",7/30/2020,1 of 1
Restaurant/Bar,In-N-Out Burger,"500 Mile of Cars Way, National City, CA 91950",7/30/2020,1 of 1
Retail/Grocery Store,Pacific Honda,"4761 Convoy St, San Diego, CA 92111",7/30/2020,1 of 1
Retail/Grocery Store,Vons,"2250 Otay Lakes Rd, Chula Vista, CA 91915",7/30/2020,1 of 1
Medical,Cardinal Medical Center,"1255 E Vista Way #370, Vista, CA 92084",7/29/2020,1 of 1
Restaurant/Bar,Fogo De Chao,"668 Sixth Ave, San Diego, CA 92101",7/29/2020,1 of 1
Restaurant/Bar,Queenstown Public House,"1557 Columbia St, San Diego, CA 92101",7/29/2020,1 of 1
Senior Living/Nursing Home,Fallbrook Skilled Nursing Facility,"325 Potter St, Fallbrook, CA 92028",7/29/2020,1 of 1
Senior Living/Nursing Home,James Board and Care,"6045 Reo Pl, San Diego, CA 92139",7/29/2020,1 of 1
Restaurant/Bar,Casa Guardalajara,"4105 Taylor St, San Diego, CA 92110",7/27/2020,1 of 1
Restaurant/Bar,La Puerta,"560 Fourth Ave, San Diego, CA 92101",7/27/2020,1 of 1
Restaurant/Bar,OB Surf Lounge,"5083 Santa Monica Ave #1f, San Diego, CA 92107",7/27/2020,1 of 1
Restaurant/Bar,Side Bar,"536 Market Street, San Diego, CA 92101",7/27/2020,1 of 1
Shelter/Rehab/Other Group Living,Home of Guiding Hands,"1908 Friendship Dr, El Cajon, CA 92020",7/27/2020,1 of 2
Housing,Pinnacle on the Park,"424 15th St #100, San Diego, CA 92101",7/26/2020,1 of 1
Manufacturing/Other Business,GKN Aerospace,"1150 W Bradley Ave, El Cajon, CA 92020",7/25/2020,1 of 1
Manufacturing/Other Business,Mexbro's Fruit Inc,"8515 Avenida de la Fuente, San Diego, CA 92154",7/25/2020,1 of 1
Retail/Grocery Store,Nordstrom Fashion Valley,"6997 Friars Rd, San Diego, CA 92108",7/25/2020,1 of 1
Senior Living/Nursing Home,Renaissance Living II,"12536 Jackson Hill Ln, El Cajon, CA 92021",7/25/2020,1 of 1
Restaurant/Bar,That Pizza Place,"2622 El Camino Real B, Carlsbad, CA 92008",7/24/2020,1 of 1
Restaurant/Bar,Whiskey Girl,"702 Fifth Ave, San Diego, CA 92101",7/24/2020,1 of 1
Church,New Venture Grace Church,"4000 Mystra Dr, Oceanside, CA 92056",7/23/2020,1 of 1
Restaurant/Bar,The Rabbit Hole,"3377 Adams Ave, San Diego, CA 92116",7/23/2020,1 of 1
Senior Living/Nursing Home,Pacifica Vista Senior Living Memory Care,"760 E Bobier Dr, Vista, CA 92084",7/23/2020,1 of 1
Gym,City Boxing,"1059 14th St, San Diego, CA 92101",7/22/2020,1 of 1
Medical,Tri City Medical Center,"4002 Vista Way, Oceanside, CA 92056",7/21/2020,1 of 1
Restaurant/Bar,Baja Betty's,"1421 University Ave, San Diego, CA 92103",7/21/2020,1 of 1
Shelter/Rehab/Other Group Living,Aurora Behavioral Health Care of San Diego,"11878 Avenue of Industry, San Diego, CA 92128",7/21/2020,1 of 1
Medical,Kaiser Zion Outpatient Pharmacy,"4647 Zion Ave, San Diego, CA 92120",7/20/2020,1 of 1
Retail/Grocery Store,Lexus of El Cajon,"1000 Arnele Ave, El Cajon, CA 92020",7/19/2020,1 of 1
Manufacturing/Other Business,CP Group,"6795 Calle De Linea, San Diego, CA 92154",7/18/2020,1 of 1
Gym,EOS Fitness,"3156 Sports Arena Blvd, San Diego, CA 92110",7/17/2020,1 of 1
Restaurant/Bar,Belching Beaver Brewery Tavern and Grill,"302 E Broadway, Vista, CA 92084",7/17/2020,1 of 1
Senior Living/Nursing Home,The Royal Home,"12436 Royal Road, El Cajon, CA 92021",7/17/2020,1 of 1
Senior Living/Nursing Home,Kearny Mesa Convalescent Hospital and Nursing Home,"7675 Family Cir, San Diego, CA 92111",7/16/2020,1 of 1
Senior Living/Nursing Home,Arbor Hills Nursing Center,"7800 Parkway Dr, La Mesa, CA 91942",7/15/2020,1 of 1
Church,Mission San Luis Rey,"4050 Mission Ave, Oceanside, CA 92057",7/14/2020,1 of 1
Restaurant/Bar,Lionfish Modern Coastal Cuisine San Diego,"435 Fifth Ave, San Diego, CA 92101",7/14/2020,1 of 1
Salon/Barbershop,Belli Belli Salon & Boutique,"3461 Ingraham St, San Diego, CA 92109",7/14/2020,1 of 1
Salon/Barbershop,Knuckleheads Barbershop,"431 S Coast Hwy, Oceanside, CA 92054",7/14/2020,1 of 1
Government,San Diego Harbor Police,"3380 N Harbor Dr, San Diego, CA 92101",7/13/2020,1 of 1
Manufacturing/Other Business,Quidel Corporation,"9975 Summers Ridge Road, San Diego, CA 92121",7/13/2020,1 of 1
Restaurant/Bar,Flame Bar & Grill,"3773 Willow Glen Dr, El Cajon, CA 92019",7/13/2020,1 of 1
Medical,Borrero Medical Group,"3490 Palm Ave, San Diego, CA 92154",7/11/2020,1 of 1
Preschool/Childcare,Children's Choice Preschool,"9748 Los Coches Rd, Lakeside, CA 92040",7/11/2020,1 of 1
Senior Living/Nursing Home,Abby Gardens Healthcare Center,"8060 Frost St, San Diego, CA 92123",7/11/2020,1 of 1
Senior Living/Nursing Home,Salvation Army San Diego Silvercrest,"727 E St, San Diego, CA 92101",7/11/2020,1 of 1
Senior Living/Nursing Home,New Dawn Senior Care Home,"789 Skyview St, El Cajon, CA 92020",7/10/2020,1 of 1
Manufacturing/Other Business,VCA West Bernardo Animal Hospital,"11605 Duenda Rd D, San Diego, CA 92127",7/9/2020,1 of 1
Restaurant/Bar,S3 Coffee Bar,"6225 Mission Gorge Rd, San Diego, CA 92120",7/9/2020,1 of 1
Senior Living/Nursing Home,Golden Hill Subacute Rehabilitation Center,"1201 34th St, San Diego, CA 92102",7/9/2020,1 of 1
Senior Living/Nursing Home,Nalas Residential Facility #1,"1926 Olivebrook Ct, El Cajon, CA 92019",7/9/2020,1 of 1
Senior Living/Nursing Home,Rucker Home #1,"13662 Powers Rd, Poway, CA 92064",7/9/2020,1 of 1
Restaurant/Bar,Backyard Kitchen & Tap,"832 Garnet Ave, San Diego, CA 92109",7/8/2020,1 of 1
Senior Living/Nursing Home,White Sands of La Jolla,"7450 Olivetas Ave, La Jolla, CA 92037",7/8/2020,1 of 1
Gym,Crunch Fitness,"3030 Plaza Bonita Rd, National City, CA 91950",7/7/2020,1 of 1
Hotel,La Jolla Beach & Tennis Club,"2000 Spindrift Dr, La Jolla, CA 92037",7/7/2020,1 of 1
Preschool/Childcare,Children's Paradise Preschool and Infant Center,"986 W El Norte Pkwy, Escondido, CA 92026",7/7/2020,1 of 1
Restaurant/Bar,Local Tap House,"308 S Coast Hwy, Oceanside, CA 92054",7/7/2020,1 of 1
Senior Living/Nursing Home,Island Grove Guest House II,"12624 Willow Rd, Lakeside, CA 92040",7/7/2020,1 of 1
Casino,Ocean's Eleven Casino,"121 Brooks St, Oceanside, CA 92054",7/6/2020,1 of 1
Senior Living/Nursing Home,Oakmont of Escondido Hills Memory Care Unit,"3012 Bear Valley Pkwy, Escondido, CA 92025",7/6/2020,1 of 1
Restaurant/Bar,Blanco Tacos & Tequila,"7007 Friars Rd #901, San Diego, CA 92108",7/5/2020,1 of 1
Senior Living/Nursing Home,Summer Hill Rest Home,"558 Smilax Rd, San Marcos, CA 92069",7/5/2020,1 of 1
Senior Living/Nursing Home,La Mesa Healthcare,"3780 Massachusetts Ave, La Mesa, CA 91941",7/4/2020,1 of 2
Senior Living/Nursing Home,The Cove at La Jolla,"7160 Fay Ave, La Jolla, CA 92037",7/4/2020,1 of 1
Restaurant/Bar,Giorgino's Restaurant,"1237 28th St, San Diego, CA 92102",7/3/2020,1 of 1
Restaurant/Bar,Sushi Deli 3,"7986 Armour St, San Diego, CA 92111",7/3/2020,1 of 1
Senior Living/Nursing Home,Jacob Health Care Center,"4075 54th St, San Diego, CA 92105",7/3/2020,1 of 1
Senior Living/Nursing Home,San Diego Post Acute Center,"1201 S Orange Ave, El Cajon, CA 92020",7/3/2020,1 of 1
Shelter/Rehab/Other Group Living,East County Transitional Living Center,"1527 E Main St, El Cajon, CA 92021",7/3/2020,1 of 1
Senior Living/Nursing Home,South Bay Post Acute,"553 F St, Chula Vista, CA 91910",7/2/2020,1 of 1
Senior Living/Nursing Home,St Paul's Plaza,"1420 E Palomar St, Chula Vista, CA 91913",7/2/2020,1 of 1
Restaurant/Bar,Nolita Hall,"2305 India St, San Diego, CA 92101",7/1/2020,1 of 1
Restaurant/Bar,Pacific Beach Shore Club,"4343 Ocean Blvd, San Diego, CA 92109",7/1/2020,1 of 1
Jail/Detention Facility,Kearny Mesa Juvenile Hall,"2801 Meadow Lark Dr, San Diego, CA 92123",6/29/2020,1 of 1
Manufacturing/Other Business,Amazon Animal Hospital,"1172 3rd Ave d8, Chula Vista, CA 91911",6/29/2020,1 of 1
Jail/Detention Facility,Las Colinas Detention and Reentry Facility,"451 Riverview Pkwy, Santee, CA 92071",6/27/2020,1 of 1
Restaurant/Bar,Waterbar,"4325 Ocean Blvd, San Diego, CA 92109",6/27/2020,1 of 1
Medical,DaVita San Marcos Dialysis Center,"2135 Montiel Rd bldg b, San Marcos, CA 92069",6/26/2020,1 of 1
Senior Living/Nursing Home,Las Villas Del Norte Escondido Assisted Living,"1325 Las Villas Way, Escondido, CA 92026",6/26/2020,1 of 1
Senior Living/Nursing Home,Castle Manor Nursing & Rehabilitation Center,"541 S V Ave, National City, CA 91950",6/25/2020,1 of 1
Casino,Barona Resort & Casino,"1932 Wildcat Canyon Rd, Lakeside, CA 92040",6/24/2020,1 of 1
Senior Living/Nursing Home,Brighton Place Spring Valley,"9009 Campo Rd, Spring Valley, CA 91977",6/24/2020,1 of 1
Shelter/Rehab/Other Group Living,Veterans Village of San Diego,"4141 Pacific Hwy, San Diego, CA 92110",6/24/2020,1 of 3
Casino,Jamul Casino,"14145 Campo Rd, Jamul, CA 91935",6/23/2020,1 of 1
Casino,Sycuan Casino & Resort,"5469 Casino Way, El Cajon, CA 92019",6/23/2020,1 of 1
Casino,Viejas Casino & Resort,"5000 Willows Rd, Alpine, CA 91901",6/23/2020,1 of 1
Manufacturing/Other Business,AJM Packaging,"1160 Vernon Way, El Cajon, CA 92020",6/23/2020,1 of 1
Church,Morris Cerullo World Evangelism,"875 Hotel Cir S, San Diego, CA 92108",6/22/2020,1 of 1
Senior Living/Nursing Home,Vista Knoll Specialized Care,"2000 Westwood Rd, Vista, CA 92083",6/22/2020,1 of 1
Shelter/Rehab/Other Group Living,Jackson House La Mesa,"5332 Jackson Dr, La Mesa, CA 91942",6/22/2020,1 of 1
Manufacturing/Other Business,Apptek Stucco San Diego,"10685 Roselle St #200, San Diego, CA 92121",6/21/2020,1 of 1
Manufacturing/Other Business,Optics Masters LLC,"12625 Danielson Ct # 105, Poway, CA 92064",6/21/2020,1 of 1
Casino,Harrah's Resort Southern California,"777 S Resort Dr, Valley Center, CA 92082",6/20/2020,1 of 1
Medical,Scripps Mercy Hospital Chula Vista,"435 H St, Chula Vista, CA 91910",6/20/2020,1 of 1
Medical,UCSD Medical Center Hillcrest,"200 W Arbor Dr, San Diego, CA 92103",6/20/2020,1 of 1
Senior Living/Nursing Home,Bella Vista Health Center,"7922 Palm St, Lemon Grove, CA 91945",6/18/2020,1 of 1
Government,Naval Air Station North Island,"300 Alameda Blvd, Coronado, CA 92118",6/17/2020,1 of 1
Senior Living/Nursing Home,Kasitz Kastle Senior Care,"1417 Tavern Rd, Alpine, CA 91901",6/17/2020,1 of 1
Senior Living/Nursing Home,Plaza Village,"950 L Ave, National City, CA 91950",6/17/2020,1 of 1
Attraction/Recreation,Pio Pico RV Resort & Campground,"14615 Otay Lakes Rd, Jamul, CA 91935",6/16/2020,1 of 1
Manufacturing/Other Business,La Mesa Glass Inc,"8710 Railroad Ave, Santee, CA 92071",6/16/2020,1 of 1
Social Club,Oceanside Women's Club,"1606 Missouri Ave, Oceanside, CA 92054",6/16/2020,1 of 1
Senior Living/Nursing Home,GlenBrook Health Center,"1950 Calle Barcelona, Carlsbad, CA 92009",6/15/2020,1 of 1
Retail/Grocery Store,Sprouts Farmers Market,"9361 Mission Gorge Rd, Santee, CA 92071",6/14/2020,1 of 1
Senior Living/Nursing Home,Hearts of Gold,"2683 Via De La Valle # G626, Del Mar, CA 92014",6/13/2020,1 of 1
Senior Living/Nursing Home,La Costa Glen Independent Living,"1940 Levante St, Carlsbad, CA 92009",6/13/2020,1 of 1
Manufacturing/Other Business,Superior Abatement,"8665 Argent St, Santee, CA 92071",6/11/2020,1 of 1
Restaurant/Bar,Del Mar Rendezvous,"1555 Camino Del Mar #102, Del Mar, CA 92014",6/11/2020,1 of 1
Senior Living/Nursing Home,Palomar Heights Post Acute Rehab,"1260 E Ohio Ave, Escondido, CA 92027",6/11/2020,1 of 1
Manufacturing/Other Business,California Spirits Company,"12190 Dearborn Pl, Poway, CA 92064",6/10/2020,1 of 1
Senior Living/Nursing Home,Sunrise Way Naranca,"1140 Naranca Ave, El Cajon, CA 92021",6/10/2020,1 of 1
Church,Hilltop Tabernacle Church,"346 L St, Chula Vista, CA 91911",6/8/2020,1 of 1
Senior Living/Nursing Home,Escondido Post Acute Rehab,"421 East Mission Ave, Escondido, CA 92025",6/7/2020,1 of 1
Hotel,Bellafonte Resort,"29850 Circle R Way, Escondido, CA 92026",6/4/2020,1 of 1
Manufacturing/Other Business,General Coatings Corporation,"6711 Nancy Ridge Dr, San Diego, CA 92121",6/2/2020,1 of 1
Senior Living/Nursing Home,Atria Rancho Penasquitos,"12979 Rancho Penasquitos Blvd, San Diego, CA 92129",6/1/2020,1 of 1
Manufacturing/Other Business,Divine Designs,"2541 State St, San Diego, CA 92101",5/30/2020,1 of 1
Senior Living/Nursing Home,Palomar Vista Healthcare Center,"201 N Fig St, Escondido, CA 92025",5/30/2020,1 of 1
Senior Living/Nursing Home,Ryan's Way Bonita Vista,"1640 Dartmouth Street, Chula Vista, CA 91913",5/29/2020,1 of 1
Senior Living/Nursing Home,ActivCare at Mission Bay,"2440 Grand Ave, San Diego, CA 92109",5/28/2020,1 of 1
Medical,Kindred Hospital,"1940 El Cajon Blvd, San Diego, CA 92104",5/26/2020,1 of 1
Senior Living/Nursing Home,Seacrest Village,"211 Saxony Rd, Encinitas, CA 92024",5/23/2020,1 of 2
Senior Living/Nursing Home,ActivCare Rolling Hills Ranch,"850 Duncan Ranch Rd, Chula Vista, CA 91914",5/21/2020,1 of 1
Medical,Heart and Wellness Center,"502 Euclid Ave, National City, CA 91950",5/20/2020,1 of 1
Medical,Sharp Chula Vista Medical Center,"751 Medical Center Ct, Chula Vista, CA 91911",5/19/2020,1 of 1
Shelter/Rehab/Other Group Living,Hidden Valley Ranch Ruske House,"16585 Highland Valley Rd, Ramona, CA 92065",5/16/2020,1 of 1
Medical,Episcopal Community Services Central East Regional Recovery Center,"4660 El Cajon Blvd Ste 210, San Diego, CA 92115",5/15/2020,1 of 1
Senior Living/Nursing Home,Wesley Palms Senior Living,"2404 Loring St, San Diego, CA 92109",5/15/2020,1 of 1
Senior Living/Nursing Home,Cottonwood Canyon Healthcare Center,"1391 E Madison Ave, El Cajon, CA 92021",5/14/2020,1 of 1
Housing,Ocean Park Apartments,"145 Canyon Dr, Oceanside, CA 92054",5/13/2020,1 of 1
Senior Living/Nursing Home,Silver Oaks Country Estate,"138 Sun Villa Ct, Vista, CA 92084",5/13/2020,1 of 1
Senior Living/Nursing Home,Brighton Place San Diego,"1350 Euclid Ave, San Diego, CA 92105",5/8/2020,1 of 1
Senior Living/Nursing Home,Sun and Sea Assisted Living,"740 7th St, Imperial Beach, CA 91932",5/7/2020,1 of 1
Manufacturing/Other Business,Henry Avocado Corporation,"2208 Harmony Grove Rd, Escondido, CA 92029",5/5/2020,1 of 1
Senior Living/Nursing Home,Fredericka Manor,"183 3rd Ave, Chula Vista, CA 91910",5/5/2020,1 of 2
Senior Living/Nursing Home,The Pavilion at Ocean Point,"3202 Duke St, San Diego, CA 92110",5/5/2020,1 of 1
Senior Living/Nursing Home,Silverado Senior Living Escondido,"1500 Borden Rd, Escondido, CA 92026",5/3/2020,1 of 1
Jail/Detention Facility,Richard J Donovan Correctional Facility,"480 Alta Rd, San Diego, CA 92179",4/30/2020,1 of 1
Manufacturing/Other Business,Jensen Meat Company,"2550 Britannia Blvd #101, San Diego, CA 92154",4/30/2020,1 of 1
Senior Living/Nursing Home,Aury's Home Care,"1068 Camino Miel, Chula Vista, CA 91910",4/30/2020,1 of 1
Government,MCRD San Diego,"38990 Midway Ave, San Diego, CA 92140",4/29/2020,1 of 1
Senior Living/Nursing Home,Hilldale Habilitation Center,"7979 La Mesa Blvd, La Mesa, CA 91942",4/29/2020,1 of 1
Senior Living/Nursing Home,Friendship Manor Nursing & Rehabilitation Center,"902 Euclid Ave, National City, CA 91950",4/28/2020,1 of 1
Senior Living/Nursing Home,Springs of Escondido,"1261 E Washington Ave, Escondido, CA 92027",4/27/2020,1 of 1
Senior Living/Nursing Home,Brookdale Clairemont,"5219 Clairemont Mesa Blvd, San Diego, CA 92117",4/26/2020,1 of 1
Senior Living/Nursing Home,Avant Garde Senior Living of La Jolla,"6211 La Jolla Hermosa Ave, La Jolla, CA 92037",4/25/2020,1 of 1
Manufacturing/Other Business,Scripps Business Services 4S Ranch,"10790 Rancho Bernardo Rd, San Diego, CA 92127",4/24/2020,1 of 1
Medical,Fresenius Kidney Care Gateway East,"720 Gateway Center Dr Ste B, San Diego, CA 92102",4/24/2020,1 of 1
Senior Living/Nursing Home,Mesaview Senior Assisted Living,"7971 Culowee St, La Mesa, CA 91942",4/23/2020,1 of 1
Government,CBP Otay Mesa,"9777 Via de la Amistad, San Diego, CA 92154",4/22/2020,1 of 1
Manufacturing/Other Business,General Dynamics Nassco,"2798 Harbor Drive, San Diego, CA 92113",4/21/2020,1 of 1
Manufacturing/Other Business,Selecta International Grocers,"1415 3rd Ave, Chula Vista, CA 91911",4/21/2020,1 of 1
Retail/Grocery Store,Costco Packaging Center,"2222 Enrico Fermi Dr, San Diego, CA 92154",4/20/2020,1 of 1
Senior Living/Nursing Home,Glenner Town Square,"2765 Main St, Chula Vista, CA 91911",4/14/2020,1 of 1
Shelter/Rehab/Other Group Living,Jary Barreto Crisis Center,"2865 Logan Ave, San Diego, CA 92113",4/9/2020,1 of 1
Shelter/Rehab/Other Group Living,Paragon Recovery Rehabilitation Center,"1852 Santa Margarita Dr, Fallbrook, CA 92028",4/8/2020,1 of 1
Senior Living/Nursing Home,Cloisters of the Valley Assisted Living,"4171 Camino del Rio S, San Diego, CA 92108",4/7/2020,1 of 1
Jail/Detention Facility,Otay Mesa Detention Facility (ICE),"7488 Calzada De La Fuente, San Diego, CA 92154",4/6/2020,1 of 1
Senior Living/Nursing Home,Atria Collwood Senior Living,"5308 Monroe Ave, San Diego, CA 92115",4/6/2020,1 of 1
Senior Living/Nursing Home,Avocado Post Acute,"510 E Washington Ave, El Cajon, CA 92020",4/6/2020,1 of 1
Senior Living/Nursing Home,New Alternatives Inc Horizon,"3602 Kenora Dr, Spring Valley, CA 91977",4/6/2020,1 of 1
Shelter/Rehab/Other Group Living,PATH Connections San Diego,"1250 Sixth Ave, San Diego, CA 92101",4/6/2020,1 of 1
Medical,San Diego County Psychiatric Hospital,"3853 Rosecrans St, San Diego, CA 92110",4/2/2020,1 of 1
Social Club,San Diego Gay Men's Chorus,"3900 Cleveland Ave, San Diego, CA 92103",4/2/2020,1 of 1
Medical,AMN Healthcare,"12400 High Bluff Dr, San Diego, CA 92130",3/27/2020,1 of 1
Senior Living/Nursing Home,Oakmont of Pacific Beach,"955 Grand Ave, San Diego, CA 92109",3/27/2020,1 of 1
Manufacturing/Other Business,Palm Care Pharmacy,"505 N Mollison Ave Suite 102, El Cajon, CA 92021",3/26/2020,1 of 1
Government,Veterans Affairs San Diego Counseling Center,"7410 Mission Valley Road, San Diego, CA 92108",3/24/2020,1 of 1
Senior Living/Nursing Home,Stellar Care,"4518 54th St, San Diego, CA 92115",3/24/2020,1 of 1